Name,ID,URL,Country,Status,PIU Issuance,Developer,Validator,Start Year,End Year,Duration,Area,Emission Reductions,Claimable Emission Reductions,Latitude,Longitude,Subarea; Blanket Bog; Actively Eroding: Hagg/Gully,Subarea; Blanket Bog; Actively Eroding: Flat Bare,Subarea; Blanket Bog; Drained: Artificial,Subarea; Blanket Bog; Drained: Hagg/Gully,Subarea; Blanket Bog; Modified,Subarea; Blanket Bog; Near Natural,Subarea; Raised Bog; Actively Eroding: Hagg/Gully,Subarea; Raised Bog; Actively Eroding: Flat Bare,Subarea; Raised Bog; Drained: Artificial,Subarea; Raised Bog; Drained: Hagg/Gully,Subarea; Raised Bog; Modified,Subarea; Raised Bog; Near Natural,Subarea; Cropland; Drained,Subarea; Grassland; Intensive Drained,Subarea; Grassland; Extensive Drained,Subarea; Fen; Modified
Abergwesyn Hill,104000000027000,https://mer.markit.com/br-reg/public/project.jsp?project_id=104000000027000,Wales,Under Development,Unissued,National Trust,Organic Farmers & Growers C.I.C.,2025,2055,30,143.5,11054,9396,52.220808,-3.681947,7.65,2.35,0.0,108.2,25.3,0,0.0,0.0,0.0,0.0,0,0,0.0,0.0,0.0,0.0
Achnacarry Estate (Phase 1),104000000026990,https://mer.markit.com/br-reg/public/project.jsp?project_id=104000000026990,Scotland,Validated,Issued,Caledonian Climate,Organic Farmers & Growers C.I.C.,2022,2122,100,119.89,41432,35217,56.991673,-5.056694,7.26,5.49,0.0,107.14,0.0,0,0.0,0.0,0.0,0.0,0,0,0.0,0.0,0.0,0.0
Achnacarry Estate (Phase 2),104000000028524,https://mer.markit.com/br-reg/public/project.jsp?project_id=104000000028524,Scotland,Under Development,Unissued,Caledonian Climate,Soil Association Certification Ltd,2025,2099,74,164.61,34335,29185,57.006974,-5.199627,10.52,0.25,0.0,153.84,0.0,0,0.0,0.0,0.0,0.0,0,0,0.0,0.0,0.0,0.0
Achnacarry Estate (Phase 3),104000000028571,https://mer.markit.com/br-reg/public/project.jsp?project_id=104000000028571,Scotland,Under Development,Unissued,Caledonian Climate,Soil Association Certification Ltd,2025,2125,100,82.02,24791,21072,56.988095,-5.303391,6.23,0.21,0.0,75.58,0.0,0,0.0,0.0,0.0,0.0,0,0,0.0,0.0,0.0,0.0
Achnacarry Estate (Phase 4),104000000028572,https://mer.markit.com/br-reg/public/project.jsp?project_id=104000000028572,Scotland,Under Development,Unissued,Caledonian Climate,Soil Association Certification Ltd,2025,2125,100,109.58,34625,29431,56.952471,-5.186727,7.61,1.96,0.0,100.01,0.0,0,0.0,0.0,0.0,0.0,0,0,0.0,0.0,0.0,0.0
Achnacarry Estate (Phase 5),104000000028558,https://mer.markit.com/br-reg/public/project.jsp?project_id=104000000028558,Scotland,Under Development,Unissued,Caledonian Climate,Soil Association Certification Ltd,2025,2117,92,57.88,15658,13309,56.928103,-5.046558,0.29,3.95,0.0,53.64,0.0,0,0.0,0.0,0.0,0.0,0,0,0.0,0.0,0.0,0.0
Airds Moss Central 1,104000000029094,https://mer.markit.com/br-reg/public/project.jsp?project_id=104000000029094,Scotland,Under Development,Unissued,RSPB,Soil Association Certification Ltd,2025,2125,100,21.84,7561,6427,55.487919,-4.215647,2.49,0.0,7.44,11.91,0.0,0,0.0,0.0,0.0,0.0,0,0,0.0,0.0,0.0,0.0
Allt a' Choire Mhoir,104000000028299,https://mer.markit.com/br-reg/public/project.jsp?project_id=104000000028299,Scotland,Under Development,Unissued,Angus Davidson Ltd,Organic Farmers & Growers C.I.C.,2025,2106,81,163.209,30018,25515,57.662511,-5.005633,4.933,0.0,35.52,122.756,0.0,0,0.0,0.0,0.0,0.0,0,0,0.0,0.0,0.0,0.0
"Allt Coire an-t Sneachda, Cairngorm",104000000028085,https://mer.markit.com/br-reg/public/project.jsp?project_id=104000000028085,Scotland,Under Development,Unissued,Forestry and Land Scotland,Organic Farmers & Growers C.I.C.,2025,2080,55,30.26,4417,3755,57.133541,-3.680518,1.66,0.0,0.0,28.6,0.0,0,0.0,0.0,0.0,0.0,0,0,0.0,0.0,0.0,0.0
Allt Gharagain,104000000028288,https://mer.markit.com/br-reg/public/project.jsp?project_id=104000000028288,Scotland,Under Development,Unissued,Angus Davidson Ltd,Organic Farmers & Growers C.I.C.,2025,2121,96,185.17,44164,37539,57.510979,-5.138446,7.38,0.76,0.0,177.03,0.0,0,0.0,0.0,0.0,0.0,0,0,0.0,0.0,0.0,0.0
Ardtalla Area 1,104000000028542,https://mer.markit.com/br-reg/public/project.jsp?project_id=104000000028542,Scotland,Validated,Unissued,Forest Carbon Ltd,Soil Association Certification Ltd,2025,2125,100,108.181,19473,16552,55.673613,-6.057221,0.0,0.0,108.181,0.0,0.0,0,0.0,0.0,0.0,0.0,0,0,0.0,0.0,0.0,0.0
Armboth,104000000028852,https://mer.markit.com/br-reg/public/project.jsp?project_id=104000000028852,England,Under Development,Unissued,National Trust,N/A,2025,2055,30,25.3,1385,1143,54.540521,-3.103555,0.02,0.02,4.19,21.07,0.0,0,0.0,0.0,0.0,0.0,0,0,0.0,0.0,0.0,0.0
Badan Seasgach,104000000028278,https://mer.markit.com/br-reg/public/project.jsp?project_id=104000000028278,Scotland,Validated,Unissued,Angus Davidson Ltd,Organic Farmers & Growers C.I.C.,2025,2125,100,74.788,28095,23881,57.839574,-5.005211,8.984,0.414,0.0,65.39,0.0,0,0.0,0.0,0.0,0.0,0,0,0.0,0.0,0.0,0.0
Ballindalloch Estate,104000000028066,https://mer.markit.com/br-reg/public/project.jsp?project_id=104000000028066,Scotland,Under Development,Unissued,Ballindalloch Trust,N/A,2025,2060,35,230.9,27337,23236,57.392473,-3.287163,23.21,0.26,26.47,180.96,0.0,0,0.0,0.0,0.0,0.0,0,0,0.0,0.0,0.0,0.0
Ben Lui Corrie,104000000028481,https://mer.markit.com/br-reg/public/project.jsp?project_id=104000000028481,Scotland,Restoration Validated,Unissued,Forest Carbon Ltd,Organic Farmers & Growers C.I.C.,2025,2075,50,155.32,19555,16622,56.373673,-4.810997,0.97,0.08,100.86,53.41,0.0,0,0.0,0.0,0.0,0.0,0,0,0.0,0.0,0.0,0.0
Ben Wyvis-upper Peffery,104000000029024,https://mer.markit.com/br-reg/public/project.jsp?project_id=104000000029024,Scotland,Under Development,Unissued,NatureScot,"SAC Consulting, SRUC",2025,2125,100,165.16,43054,36596,57.644677,-4.593531,6.58,0.14,43.58,114.86,0.0,0,0.0,0.0,0.0,0.0,0,0,0.0,0.0,0.0,0.0
Bighouse Phase 1,104000000028385,https://mer.markit.com/br-reg/public/project.jsp?project_id=104000000028385,Scotland,Validated,Issued,Land Carbon Ltd,Organic Farmers & Growers C.I.C.,2022,2122,100,140.17,28609,24318,58.478412,-3.999472,2.17,0.0,101.9,36.1,0.0,0,0.0,0.0,0.0,0.0,0,0,0.0,0.0,0.0,0.0
Bighouse Phase 10,104000000029046,https://mer.markit.com/br-reg/public/project.jsp?project_id=104000000029046,Scotland,Under Development,Unissued,Land Carbon Ltd,N/A,2025,2125,100,111.572,30625,26032,58.447683,-3.831509,0.447,0.0,95.832,15.293,0.0,0,0.0,0.0,0.0,0.0,0,0,0.0,0.0,0.0,0.0
Bighouse Phase 11,104000000029069,https://mer.markit.com/br-reg/public/project.jsp?project_id=104000000029069,Scotland,Under Development,Unissued,Land Carbon Ltd,N/A,2025,2105,80,152.802,33335,28335,58.465217,-3.861566,0.368,0.0,143.567,8.867,0.0,0,0.0,0.0,0.0,0.0,0,0,0.0,0.0,0.0,0.0
Bighouse Phase 12,104000000029070,https://mer.markit.com/br-reg/public/project.jsp?project_id=104000000029070,Scotland,Under Development,Unissued,Land Carbon Ltd,N/A,2025,2110,85,160.169,37161,31587,58.478556,-3.870847,0.423,0.0,155.473,4.273,0.0,0,0.0,0.0,0.0,0.0,0,0,0.0,0.0,0.0,0.0
Bighouse Phase 13,104000000029071,https://mer.markit.com/br-reg/public/project.jsp?project_id=104000000029071,Scotland,Under Development,Unissued,Land Carbon Ltd,N/A,2025,2125,100,215.045,59171,50295,58.478805,-3.853709,0.99,0.0,197.005,17.05,0.0,0,0.0,0.0,0.0,0.0,0,0,0.0,0.0,0.0,0.0
Bighouse Phase 14,104000000029072,https://mer.markit.com/br-reg/public/project.jsp?project_id=104000000029072,Scotland,Under Development,Unissued,Land Carbon Ltd,N/A,2025,2125,100,113.052,31632,26888,58.47032,-3.81896,0.99,0.0,99.659,12.403,0.0,0,0.0,0.0,0.0,0.0,0,0,0.0,0.0,0.0,0.0
Bighouse Phase 15,104000000029138,https://mer.markit.com/br-reg/public/project.jsp?project_id=104000000029138,Scotland,Under Development,Unissued,Land Carbon Ltd,N/A,2025,2100,75,215.24,42547,36165,58.496758,-3.854656,0.73,0.0,198.21,16.3,0.0,0,0.0,0.0,0.0,0.0,0,0,0.0,0.0,0.0,0.0
Bighouse Phase 16,104000000029139,https://mer.markit.com/br-reg/public/project.jsp?project_id=104000000029139,Scotland,Under Development,Unissued,Land Carbon Ltd,N/A,2025,2080,55,118.024,17242,14656,58.514711,-3.855604,0.23,0.0,111.539,6.255,0.0,0,0.0,0.0,0.0,0.0,0,0,0.0,0.0,0.0,0.0
Bighouse Phase 17,104000000029140,https://mer.markit.com/br-reg/public/project.jsp?project_id=104000000029140,Scotland,Under Development,Unissued,Land Carbon Ltd,N/A,2025,2120,95,275.21,70103,59588,58.48851,-3.80275,0.28,0.01,268.76,6.16,0.0,0,0.0,0.0,0.0,0.0,0,0,0.0,0.0,0.0,0.0
Bighouse Phase 18,104000000029141,https://mer.markit.com/br-reg/public/project.jsp?project_id=104000000029141,Scotland,Under Development,Unissued,Land Carbon Ltd,N/A,2025,2110,85,184.721,42254,35916,58.514958,-3.838448,0.091,0.0,182.72,1.91,0.0,0,0.0,0.0,0.0,0.0,0,0,0.0,0.0,0.0,0.0
Bighouse Phase 19,104000000029274,https://mer.markit.com/br-reg/public/project.jsp?project_id=104000000029274,Scotland,Under Development,Unissued,Land Carbon Ltd,N/A,2025,2105,80,131.747,24413,20751,,,2.086,0.0,68.034,61.627,0.0,0,0.0,0.0,0.0,0.0,0,0,0.0,0.0,0.0,0.0
Bighouse Phase 2,104000000028841,https://mer.markit.com/br-reg/public/project.jsp?project_id=104000000028841,Scotland,Validated,Issued,Land Carbon Ltd,Organic Farmers & Growers C.I.C.,2023,2123,100,94.088,18767,15952,58.47841,-3.99947,1.163,0.013,43.965,48.947,0.0,0,0.0,0.0,0.0,0.0,0,0,0.0,0.0,0.0,0.0
Bighouse Phase 20,104000000029277,https://mer.markit.com/br-reg/public/project.jsp?project_id=104000000029277,Scotland,Under Development,Unissued,Land Carbon Ltd,N/A,2025,2090,65,102.66,13841,11765,,,1.29,0.0,18.03,83.34,0.0,0,0.0,0.0,0.0,0.0,0,0,0.0,0.0,0.0,0.0
Bighouse Phase 3,104000000028854,https://mer.markit.com/br-reg/public/project.jsp?project_id=104000000028854,Scotland,Under Development,Unissued,Land Carbon Ltd,Organic Farmers & Growers C.I.C.,2025,2125,100,116.5,21437,18221,58.481556,-3.970491,0.3,0.0,108.6,7.6,0.0,0,0.0,0.0,0.0,0.0,0,0,0.0,0.0,0.0,0.0
Bighouse Phase 4,104000000028973,https://mer.markit.com/br-reg/public/project.jsp?project_id=104000000028973,Scotland,Under Development,Unissued,Land Carbon Ltd,Organic Farmers & Growers C.I.C.,2025,2120,95,201.68,34650,29452,58.479363,-3.996096,0.11,0.0,199.71,1.86,0.0,0,0.0,0.0,0.0,0.0,0,0,0.0,0.0,0.0,0.0
Bighouse Phase 5,104000000028974,https://mer.markit.com/br-reg/public/project.jsp?project_id=104000000028974,Scotland,Under Development,Unissued,Land Carbon Ltd,Organic Farmers & Growers C.I.C.,2025,2125,100,188.5,34241,29105,58.486514,-3.93989,0.2,0.0,183.4,4.9,0.0,0,0.0,0.0,0.0,0.0,0,0,0.0,0.0,0.0,0.0
Bighouse Phase 6,104000000028975,https://mer.markit.com/br-reg/public/project.jsp?project_id=104000000028975,Scotland,Under Development,Unissued,Land Carbon Ltd,Organic Farmers & Growers C.I.C.,2025,2125,100,190.4,34739,29528,58.453829,-4.020358,0.3,0.0,186.9,3.2,0.0,0,0.0,0.0,0.0,0.0,0,0,0.0,0.0,0.0,0.0
Bighouse Phase 7,104000000028976,https://mer.markit.com/br-reg/public/project.jsp?project_id=104000000028976,Scotland,Under Development,Unissued,Land Carbon Ltd,Organic Farmers & Growers C.I.C.,2025,2125,100,184.25,33227,28243,58.442881,-3.973469,0.04,0.0,184.08,0.13,0.0,0,0.0,0.0,0.0,0.0,0,0,0.0,0.0,0.0,0.0
Bighouse Phase 8,104000000029019,https://mer.markit.com/br-reg/public/project.jsp?project_id=104000000029019,Scotland,Under Development,Unissued,Land Carbon Ltd,Organic Farmers & Growers C.I.C.,2025,2125,100,216.45,39957,33963,58.443636,-3.923821,0.64,0.0,204.78,11.03,0.0,0,0.0,0.0,0.0,0.0,0,0,0.0,0.0,0.0,0.0
Bighouse Phase 9,104000000029045,https://mer.markit.com/br-reg/public/project.jsp?project_id=104000000029045,Scotland,Under Development,Unissued,Land Carbon Ltd,N/A,2025,2095,70,136.198,26168,22243,58.44536,-3.86737,0.544,0.0,119.072,16.582,0.0,0,0.0,0.0,0.0,0.0,0,0,0.0,0.0,0.0,0.0
Bile Buidhe Phase 1,104000000029052,https://mer.markit.com/br-reg/public/project.jsp?project_id=104000000029052,Scotland,Under Development,Unissued,RSPB,Soil Association Certification Ltd,2025,2070,45,111.16,16338,13887,57.18,-3.538,0.0,0.0,0.0,97.95,0.0,0,12.23,0.98,0.0,0.0,0,0,0.0,0.0,0.0,0.0
Birkdale,104000000029104,https://mer.markit.com/br-reg/public/project.jsp?project_id=104000000029104,England,Under Development,Unissued,Durham County Council (NPAP),N/A,2025,2100,75,123.56,32627,27733,,,9.45,8.08,0.59,105.44,0.0,0,0.0,0.0,0.0,0.0,0,0,0.0,0.0,0.0,0.0
Birks Fell and Moor End,104000000028782,https://mer.markit.com/br-reg/public/project.jsp?project_id=104000000028782,England,Under Development,Unissued,Yorkshire Wildlife Trust,Soil Association Certification Ltd,2025,2055,30,50.32,3283,2708,54.173444,-2.105666,0.05,1.16,10.18,38.93,0.0,0,0.0,0.0,0.0,0.0,0,0,0.0,0.0,0.0,0.0
Blackburn of Corrieyairack,104000000028381,https://mer.markit.com/br-reg/public/project.jsp?project_id=104000000028381,Scotland,Restoration Validated,Issued,Caledonian Climate,Organic Farmers & Growers C.I.C.,2022,2122,100,224.08,60184,51156,57.084735,-4.724306,0.47,0.0,212.69,10.92,0.0,0,0.0,0.0,0.0,0.0,0,0,0.0,0.0,0.0,0.0
Black Hill Phase 1,104000000028127,https://mer.markit.com/br-reg/public/project.jsp?project_id=104000000028127,England,Under Development,Unissued,Duchy of Cornwall,Organic Farmers & Growers C.I.C.,2025,2055,30,40.52,4729,4020,,,3.76,1.68,0.0,35.08,0.0,0,0.0,0.0,0.0,0.0,0,0,0.0,0.0,0.0,0.0
Blackmount estate – peatland restoration – Phase 1,104000000028574,https://mer.markit.com/br-reg/public/project.jsp?project_id=104000000028574,Scotland,Under Development,Unissued,Bidwells LLP,Soil Association Certification Ltd,2025,2125,100,126.54,26489,22516,56.564674,-4.79097,1.42,0.0,0.0,125.12,0.0,0,0.0,0.0,0.0,0.0,0,0,0.0,0.0,0.0,0.0
Blackmount estate – peatland restoration – Phase 2,104000000028575,https://mer.markit.com/br-reg/public/project.jsp?project_id=104000000028575,Scotland,Under Development,Unissued,Bidwells LLP,Soil Association Certification Ltd,2025,2120,95,99.32,20844,17717,56.639912,-4.842201,2.17,0.0,0.0,97.15,0.0,0,0.0,0.0,0.0,0.0,0,0,0.0,0.0,0.0,0.0
Blaen y Coed,104000000027002,https://mer.markit.com/br-reg/public/project.jsp?project_id=104000000027002,Wales,Validated,Issued,National Trust,Organic Farmers & Growers C.I.C.,2022,2057,35,177.46,8724,7415,52.993323,-3.790789,2.81,0.39,61.77,45.82,66.67,0,0.0,0.0,0.0,0.0,0,0,0.0,0.0,0.0,0.0
Braemore 3 [Mointeach a' Bhraighe],104000000028438,https://mer.markit.com/br-reg/public/project.jsp?project_id=104000000028438,Scotland,Under Development,Unissued,Angus Davidson Ltd,Organic Farmers & Growers C.I.C.,2025,2117,92,238.009,50560,42977,57.801502,-5.018876,7.259,0.328,0.0,230.422,0.0,0,0.0,0.0,0.0,0.0,0,0,0.0,0.0,0.0,0.0
Bwlch y Groes,104000000026994,https://mer.markit.com/br-reg/public/project.jsp?project_id=104000000026994,Wales,Validated,Issued,Forest Carbon Ltd,Organic Farmers & Growers C.I.C.,2021,2056,35,65.77,2747,2335,52.791804,-3.611943,0.77,0.26,0.0,33.66,31.08,0,0.0,0.0,0.0,0.0,0,0,0.0,0.0,0.0,0.0
Camm Farm - peatland restoration - Phase 3,104000000028967,https://mer.markit.com/br-reg/public/project.jsp?project_id=104000000028967,England,Validated,Unissued,Bidwells LLP,Soil Association Certification Ltd,2025,2110,85,151.55,35234,29949,54.228044,-2.254595,1.71,0.09,131.98,17.77,0.0,0,0.0,0.0,0.0,0.0,0,0,0.0,0.0,0.0,0.0
Carrick Peatland,104000000027148,https://mer.markit.com/br-reg/public/project.jsp?project_id=104000000027148,Scotland,Under Development,Unissued,Pelham Olive,Organic Farmers & Growers C.I.C.,2025,2125,100,114.62,21597,18357,56.110136,-4.971914,0.47,0.15,100.0,14.0,0.0,0,0.0,0.0,0.0,0.0,0,0,0.0,0.0,0.0,0.0
Carroglen,104000000028256,https://mer.markit.com/br-reg/public/project.jsp?project_id=104000000028256,Scotland,Restoration Validated,Issued,Caledonian Climate,Organic Farmers & Growers C.I.C.,2022,2122,100,59.81,14347,12195,56.427482,-3.979719,2.21,0.09,19.28,38.23,0.0,0,0.0,0.0,0.0,0.0,0,0,0.0,0.0,0.0,0.0
Cashel,104000000028693,https://mer.markit.com/br-reg/public/project.jsp?project_id=104000000028693,Scotland,Under Development,Unissued,Forest Carbon Ltd,Soil Association Certification Ltd,2025,2125,100,145.54,37376,31770,56.1385,-4.547504,4.46,2.72,26.09,112.27,0.0,0,0.0,0.0,0.0,0.0,0,0,0.0,0.0,0.0,0.0
Ceannacroc (Phase 1),104000000026983,https://mer.markit.com/br-reg/public/project.jsp?project_id=104000000026983,Scotland,Validated,Issued,Angus Davidson Ltd,Organic Farmers & Growers C.I.C.,2022,2122,100,47.58,16490,14016,57.211031,-5.054944,3.73,1.36,0.0,42.49,0.0,0,0.0,0.0,0.0,0.0,0,0,0.0,0.0,0.0,0.0
Cerniau,104000000027995,https://mer.markit.com/br-reg/public/project.jsp?project_id=104000000027995,Wales,Validated,Issued,RSPB,Organic Farmers & Growers C.I.C.,2024,2089,65,114.64,14658,12459,52.751805,-3.57786,1.23,0.0,20.19,93.22,0.0,0,0.0,0.0,0.0,0.0,0,0,0.0,0.0,0.0,0.0
Clach Liath (Phase 1),104000000028605,https://mer.markit.com/br-reg/public/project.jsp?project_id=104000000028605,Scotland,Validated,Unissued,Caledonian Climate,Soil Association Certification Ltd,2025,2120,95,102.05,30645,26048,57.661721,-4.505885,8.52,0.4,32.28,60.85,0.0,0,0.0,0.0,0.0,0.0,0,0,0.0,0.0,0.0,0.0
Clach Liath (Phase 2),104000000029259,https://mer.markit.com/br-reg/public/project.jsp?project_id=104000000029259,Scotland,Under Development,Unissued,Caledonian Climate,Soil Association Certification Ltd,2025,2115,90,122.58,37123,31555,57.663116,-4.526102,7.28,0.0,30.85,84.45,0.0,0,0.0,0.0,0.0,0.0,0,0,0.0,0.0,0.0,0.0
Clune & Corrybrough Phase 1,104000000029384,https://mer.markit.com/br-reg/public/project.jsp?project_id=104000000029384,Scotland,Under Development,Unissued,Caledonian Climate,Soil Association Certification Ltd,2025,2125,100,43.55,14890,12656,57.325322,-3.90984,0.0,0.0,0.0,0.0,0.0,0,5.03,0.03,10.86,27.63,0,0,0.0,0.0,0.0,0.0
Clunes Beat Project 1,104000000027833,https://mer.markit.com/br-reg/public/project.jsp?project_id=104000000027833,Scotland,Validated,Unissued,RCT Peatland,Organic Farmers & Growers C.I.C.,2025,2125,100,180.913,33161,28187,56.8043,-3.9586,0.383,0.0,180.53,0.0,0.0,0,0.0,0.0,0.0,0.0,0,0,0.0,0.0,0.0,0.0
Corriemulzie (Phases 1-3),104000000027139,https://mer.markit.com/br-reg/public/project.jsp?project_id=104000000027139,Scotland,Under Development,Unissued,Angus Davidson Ltd,Organic Farmers & Growers C.I.C.,2025,2125,100,161.76,63402,53892,57.860671,-4.870392,20.82,1.2,0.0,139.74,0.0,0,0.0,0.0,0.0,0.0,0,0,0.0,0.0,0.0,0.0
Coulin 1 [Meallan Mhic Iamhair],104000000029485,https://mer.markit.com/br-reg/public/project.jsp?project_id=104000000029485,Scotland,Under Development,Unissued,Angus Davidson Ltd,Organic Farmers & Growers C.I.C.,2025,2075,50,198.187,28653,23925,57.544536,-5.233275,16.36,0.38,0.0,181.447,0.0,0,0.0,0.0,0.0,0.0,0,0,0.0,0.0,0.0,0.0
Craigculter,104000000029167,https://mer.markit.com/br-reg/public/project.jsp?project_id=104000000029167,Scotland,Under Development,Unissued,Forest Carbon Ltd,Soil Association Certification Ltd,2025,2055,30,37.36,6870,5840,57.575063,-2.158823,0.0,12.6,24.76,0.0,0.0,0,0.0,0.0,0.0,0.0,0,0,0.0,0.0,0.0,0.0
Craigengillan peatland restoration,104000000028024,https://mer.markit.com/br-reg/public/project.jsp?project_id=104000000028024,Scotland,Restoration Validated,Issued,Fountains Forestry UK Ltd,Organic Farmers & Growers C.I.C.,2022,2077,55,6.616,669,569,55.298002,-4.419295,0.016,0.0,5.85,0.75,0.0,0,0.0,0.0,0.0,0.0,0,0,0.0,0.0,0.0,0.0
Cùl Mòr,104000000027352,https://mer.markit.com/br-reg/public/project.jsp?project_id=104000000027352,Scotland,Under Development,Unissued,Forest Carbon Ltd,Organic Farmers & Growers C.I.C.,2025,2105,80,75.31,14002,11902,,,2.44,0.0,0.0,72.87,0.0,0,0.0,0.0,0.0,0.0,0,0,0.0,0.0,0.0,0.0
Dalnamein,104000000028555,https://mer.markit.com/br-reg/public/project.jsp?project_id=104000000028555,Scotland,Under Development,Unissued,RCT Peatland,Soil Association Certification Ltd,2025,2125,100,27.699,4986,4238,56.834435,-4.042134,0.0,0.0,27.699,0.0,0.0,0,0.0,0.0,0.0,0.0,0,0,0.0,0.0,0.0,0.0
Darnbrook Fell and Fountains Fell,104000000029037,https://mer.markit.com/br-reg/public/project.jsp?project_id=104000000029037,England,Under Development,Unissued,Yorkshire Wildlife Trust,Organic Farmers & Growers C.I.C.,2025,2060,35,204.43,15636,13291,54.143705,-2.174476,0.05,2.97,14.93,186.48,0.0,0,0.0,0.0,0.0,0.0,0,0,0.0,0.0,0.0,0.0
Delnadamph: Site 1 – The Fèithe,104000000028414,https://mer.markit.com/br-reg/public/project.jsp?project_id=104000000028414,Scotland,Validated,Issued,Palladium International Ltd,Organic Farmers & Growers C.I.C.,2024,2124,100,136.36,34961,29717,57.18379,-3.31682,4.85,1.84,54.07,75.6,0.0,0,0.0,0.0,0.0,0.0,0,0,0.0,0.0,0.0,0.0
Delnadamph: Site 2 - Upper River Don,104000000028928,https://mer.markit.com/br-reg/public/project.jsp?project_id=104000000028928,Scotland,Validated,Unissued,Palladium International Ltd,Soil Association Certification Ltd,2025,2075,50,96.27,12681,10779,57.1647,-3.3343,0.98,0.01,72.82,22.46,0.0,0,0.0,0.0,0.0,0.0,0,0,0.0,0.0,0.0,0.0
Delnadamph: Site 3 - Culchavie,104000000029359,https://mer.markit.com/br-reg/public/project.jsp?project_id=104000000029359,Scotland,Under Development,Unissued,Palladium International Ltd,Soil Association Certification Ltd,2025,2125,100,121.404,28717,24409,57.136199,-3.315133,2.65,0.0,26.085,92.669,0.0,0,0.0,0.0,0.0,0.0,0,0,0.0,0.0,0.0,0.0
Delnadamph: Site 4 - Badachurn,104000000029360,https://mer.markit.com/br-reg/public/project.jsp?project_id=104000000029360,Scotland,Under Development,Unissued,Palladium International Ltd,Soil Association Certification Ltd,2025,2125,100,22.622,2172,1847,57.152059,-3.25784,0.175,0.0,13.054,9.393,0.0,0,0.0,0.0,0.0,0.0,0,0,0.0,0.0,0.0,0.0
Denton Moor,104000000028998,https://mer.markit.com/br-reg/public/project.jsp?project_id=104000000028998,England,Under Development,Unissued,Yorkshire Wildlife Trust,Soil Association Certification Ltd,2025,2055,30,51.32,3267,2695,53.964782,-1.781999,0.0,0.06,9.77,41.49,0.0,0,0.0,0.0,0.0,0.0,0,0,0.0,0.0,0.0,0.0
Dryhope,104000000026987,https://mer.markit.com/br-reg/public/project.jsp?project_id=104000000026987,Scotland,Restoration Validated,Issued,Forest Carbon Ltd,Organic Farmers & Growers C.I.C.,2018,2063,45,77.05,7628,6484,55.535045,-3.229482,1.98,0.0,19.67,55.4,0.0,0,0.0,0.0,0.0,0.0,0,0,0.0,0.0,0.0,0.0
"Duich Moss, Laggan Estate",104000000027807,https://mer.markit.com/br-reg/public/project.jsp?project_id=104000000027807,Scotland,Restoration Validated,Issued,Forest Carbon Ltd,Organic Farmers & Growers C.I.C.,2022,2122,100,213.076,42269,35929,55.72081,-6.25651,0.0,0.0,3.729,209.347,0.0,0,0.0,0.0,0.0,0.0,0,0,0.0,0.0,0.0,0.0
Dunlossit D1&D2,104000000028072,https://mer.markit.com/br-reg/public/project.jsp?project_id=104000000028072,Scotland,Validated,Unissued,Caledonian Climate,Organic Farmers & Growers C.I.C.,2025,2125,100,261.94,70613,60021,55.73916,-6.22025,0.04,0.0,259.82,2.08,0.0,0,0.0,0.0,0.0,0.0,0,0,0.0,0.0,0.0,0.0
Dunlossit D4&D10,104000000029299,https://mer.markit.com/br-reg/public/project.jsp?project_id=104000000029299,Scotland,Under Development,Unissued,Caledonian Climate,Soil Association Certification Ltd,2025,2098,73,99.92,20724,17615,55.784683,-6.124635,1.26,0.0,79.85,18.81,0.0,0,0.0,0.0,0.0,0.0,0,0,0.0,0.0,0.0,0.0
Eas Eonan,104000000029168,https://mer.markit.com/br-reg/public/project.jsp?project_id=104000000029168,Scotland,Under Development,Unissued,Forest Carbon Ltd,Soil Association Certification Ltd,2025,2125,100,133.0,29484,25061,56.375362,-4.694496,3.0,0.0,0.0,130.0,0.0,0,0.0,0.0,0.0,0.0,0,0,0.0,0.0,0.0,0.0
Esgair Hengae,104000000028901,https://mer.markit.com/br-reg/public/project.jsp?project_id=104000000028901,Wales,Under Development,Unissued,Elan Valley Trust,Organic Farmers & Growers C.I.C.,2025,2055,30,15.3,1303,1108,52.304407,-3.745251,1.02,0.0,0.0,14.28,0.0,0,0.0,0.0,0.0,0.0,0,0,0.0,0.0,0.0,0.0
Fannich (Phases 1-3),104000000027040,https://mer.markit.com/br-reg/public/project.jsp?project_id=104000000027040,Scotland,Validated,Issued,Angus Davidson Ltd,Organic Farmers & Growers C.I.C.,2022,2122,100,256.99,86631,73636,57.669726,-5.004554,23.76,2.17,44.0,187.06,0.0,0,0.0,0.0,0.0,0.0,0,0,0.0,0.0,0.0,0.0
FLS PC Corries N Dalchork,104000000028035,https://mer.markit.com/br-reg/public/project.jsp?project_id=104000000028035,Scotland,Validated,Unissued,Forestry and Land Scotland,Organic Farmers & Growers C.I.C.,2025,2080,55,367.85,55993,47594,58.164918,-4.393611,22.86,0.0,0.0,344.99,0.0,0,0.0,0.0,0.0,0.0,0,0,0.0,0.0,0.0,0.0
Gadfa,104000000028554,https://mer.markit.com/br-reg/public/project.jsp?project_id=104000000028554,Wales,Under Development,Unissued,Severn Trent Plc,Organic Farmers & Growers C.I.C.,2025,2055,30,233.11,13415,11403,52.786772,-3.585065,1.77,0.0,69.79,161.55,0.0,0,0.0,0.0,0.0,0.0,0,0,0.0,0.0,0.0,0.0
Gaick peatland restoration - Phase 1,104000000029501,https://mer.markit.com/br-reg/public/project.jsp?project_id=104000000029501,Scotland,Under Development,Unissued,Bidwells LLP,Soil Association Certification Ltd,2025,2110,85,79.83,14599,12409,56.970134,-3.985394,1.32,0.0,0.0,78.51,0.0,0,0.0,0.0,0.0,0.0,0,0,0.0,0.0,0.0,0.0
Gannochy Phase 1,104000000028450,https://mer.markit.com/br-reg/public/project.jsp?project_id=104000000028450,Scotland,Validated,Issued,Land Carbon Ltd,Soil Association Certification Ltd,2023,2123,100,72.6,28281,24039,56.847045,-2.757383,4.3,5.4,0.0,62.9,0.0,0,0.0,0.0,0.0,0.0,0,0,0.0,0.0,0.0,0.0
Garrigill,104000000028675,https://mer.markit.com/br-reg/public/project.jsp?project_id=104000000028675,England,Under Development,Unissued,Durham County Council (NPAP),Soil Association Certification Ltd,2025,2075,50,62.96,8110,6893,54.736136,-2.450353,0.95,2.45,0.0,59.56,0.0,0,0.0,0.0,0.0,0.0,0,0,0.0,0.0,0.0,0.0
"Garron Plateau, Compartment 4",104000000028977,https://mer.markit.com/br-reg/public/project.jsp?project_id=104000000028977,Northern Ireland,Under Development,Unissued,RSPB,Soil Association Certification Ltd,2025,2055,30,104.9,12574,10688,54.980634,-6.124544,14.79,0.0,7.03,83.08,0.0,0,0.0,0.0,0.0,0.0,0,0,0.0,0.0,0.0,0.0
Garynahine Phase 1,104000000028502,https://mer.markit.com/br-reg/public/project.jsp?project_id=104000000028502,Scotland,Validated,Issued,Land Carbon Ltd,Soil Association Certification Ltd,2023,2123,100,61.0,15028,12774,58.17205,-6.677,1.9,0.7,26.9,31.5,0.0,0,0.0,0.0,0.0,0.0,0,0,0.0,0.0,0.0,0.0
GDM Phase 1,104000000029048,https://mer.markit.com/br-reg/public/project.jsp?project_id=104000000029048,Scotland,Under Development,Unissued,Scottish Woodlands Ltd,Soil Association Certification Ltd,2025,2105,80,147.52,29097,24732,56.913404,-2.615843,5.06,0.16,22.02,120.28,0.0,0,0.0,0.0,0.0,0.0,0,0,0.0,0.0,0.0,0.0
Geltsdale Middle Peatland Code,104000000028803,https://mer.markit.com/br-reg/public/project.jsp?project_id=104000000028803,England,Under Development,Unissued,Durham County Council (NPAP),N/A,2025,2115,90,238.35,53728,45669,54.865787,-2.601371,11.67,0.0,0.0,226.68,0.0,0,0.0,0.0,0.0,0.0,0,0,0.0,0.0,0.0,0.0
Ghlas-choire Fersit (K) & Coire Cregach (Q),104000000028564,https://mer.markit.com/br-reg/public/project.jsp?project_id=104000000028564,Scotland,Restoration Validated,Issued,Ossian (Scotland) Limited,Soil Association Certification Ltd,2023,2098,75,175.21,41213,35031,56.770474,-4.583637,12.8,3.31,0.0,156.48,0.0,0,2.62,0.0,0.0,0.0,0,0,0.0,0.0,0.0,0.0
Glaslyn,104000000026996,https://mer.markit.com/br-reg/public/project.jsp?project_id=104000000026996,Wales,Validated,Unissued,Montgomeryshire Wildlife Trust,Organic Farmers & Growers C.I.C.,2025,2080,55,34.0,1108,942,52.532074,-3.732152,0.0,0.0,11.19,0.0,22.81,0,0.0,0.0,0.0,0.0,0,0,0.0,0.0,0.0,0.0
Glenapp Phase 1,104000000029172,https://mer.markit.com/br-reg/public/project.jsp?project_id=104000000029172,Scotland,Under Development,Unissued,Glenapp Estate Company Ltd,Soil Association Certification Ltd,2025,2095,70,93.01,16072,13661,55.047406,-4.941176,1.98,0.0,33.88,57.15,0.0,0,0.0,0.0,0.0,0.0,0,0,0.0,0.0,0.0,0.0
Glenaros,104000000028274,https://mer.markit.com/br-reg/public/project.jsp?project_id=104000000028274,Scotland,Under Development,Unissued,The Future Forest Company,Organic Farmers & Growers C.I.C.,2025,2125,100,21.0,3780,3213,56.532072,-6.004112,0.0,0.0,21.0,0.0,0.0,0,0.0,0.0,0.0,0.0,0,0,0.0,0.0,0.0,0.0
Glencarron 1 [Coire na Glas-lic],104000000029285,https://mer.markit.com/br-reg/public/project.jsp?project_id=104000000029285,Scotland,Under Development,Unissued,Angus Davidson Ltd,N/A,2025,2075,50,83.41,10022,8518,57.516716,-5.160654,2.83,0.48,0.0,80.1,0.0,0,0.0,0.0,0.0,0.0,0,0,0.0,0.0,0.0,0.0
Glenfeshie peatland restoration - Phase 4,104000000028283,https://mer.markit.com/br-reg/public/project.jsp?project_id=104000000028283,Scotland,Restoration Validated,Issued,Wildland Limited,Soil Association Certification Ltd,2021,2121,100,35.39,9095,7731,56.977231,-3.916332,1.75,0.0,0.0,33.64,0.0,0,0.0,0.0,0.0,0.0,0,0,0.0,0.0,0.0,0.0
Glenfeshie peatland restoration - Phase 5,104000000028284,https://mer.markit.com/br-reg/public/project.jsp?project_id=104000000028284,Scotland,Restoration Validated,Issued,Wildland Limited,Soil Association Certification Ltd,2022,2112,90,62.01,10494,8920,56.972795,-3.941771,0.32,0.0,0.0,61.69,0.0,0,0.0,0.0,0.0,0.0,0,0,0.0,0.0,0.0,0.0
Glenfeshie peatland restoration - Phase 6,104000000028446,https://mer.markit.com/br-reg/public/project.jsp?project_id=104000000028446,Scotland,Validated,Issued,Wildland Limited,Soil Association Certification Ltd,2022,2112,90,94.56,15823,13450,56.970548,-3.959093,0.36,0.0,0.0,94.2,0.0,0,0.0,0.0,0.0,0.0,0,0,0.0,0.0,0.0,0.0
Glenfeshie peatland restoration - Phase 7,104000000028837,https://mer.markit.com/br-reg/public/project.jsp?project_id=104000000028837,Scotland,Under Development,Unissued,Wildland Limited,Soil Association Certification Ltd,2025,2095,70,47.393,6278,5336,56.956235,-3.955053,0.281,0.0,0.0,47.112,0.0,0,0.0,0.0,0.0,0.0,0,0,0.0,0.0,0.0,0.0
Glen Finglas Peat,104000000027772,https://mer.markit.com/br-reg/public/project.jsp?project_id=104000000027772,Scotland,Under Development,Unissued,Woodland Trust,Organic Farmers & Growers C.I.C.,2025,2125,100,197.87,50044,42537,56.292429,-4.423762,8.43,0.6,16.5,172.34,0.0,0,0.0,0.0,0.0,0.0,0,0,0.0,0.0,0.0,0.0
Glen Finglas Peat Phase 3,104000000027892,https://mer.markit.com/br-reg/public/project.jsp?project_id=104000000027892,Scotland,Under Development,Unissued,Woodland Trust,Organic Farmers & Growers C.I.C.,2025,2075,50,132.804,16506,14030,56.29399,-4.41238,3.11,0.26,43.3,86.134,0.0,0,0.0,0.0,0.0,0.0,0,0,0.0,0.0,0.0,0.0
Glenmuick Peatland Restoration Phase 1,104000000029067,https://mer.markit.com/br-reg/public/project.jsp?project_id=104000000029067,Scotland,Under Development,Unissued,The Okeover Estate,N/A,2025,2125,100,46.19,11513,9786,57.015083,-3.006176,0.75,0.0,21.83,23.61,0.0,0,0.0,0.0,0.0,0.0,0,0,0.0,0.0,0.0,0.0
Glutt 2,104000000028253,https://mer.markit.com/br-reg/public/project.jsp?project_id=104000000028253,Scotland,Under Development,Unissued,Dunbeath Partnership,N/A,2025,2125,100,636.846,131540,111809,58.29622,-3.741777,10.859,0.0,191.172,434.815,0.0,0,0.0,0.0,0.0,0.0,0,0,0.0,0.0,0.0,0.0
Glutt 3,104000000028254,https://mer.markit.com/br-reg/public/project.jsp?project_id=104000000028254,Scotland,Under Development,Unissued,Dunbeath Partnership,N/A,2025,2125,100,29.58,16473,14002,58.29551,-3.79292,3.294,3.866,0.0,22.42,0.0,0,0.0,0.0,0.0,0.0,0,0,0.0,0.0,0.0,0.0
Glutt Estate 1,104000000026981,https://mer.markit.com/br-reg/public/project.jsp?project_id=104000000026981,Scotland,Restoration Validated,Issued,Dunbeath Partnership,Organic Farmers & Growers C.I.C.,2022,2122,100,409.24,74956,63713,58.30301,-3.704567,0.83,0.0,371.35,37.06,0.0,0,0.0,0.0,0.0,0.0,0,0,0.0,0.0,0.0,0.0
Grianan & Machrie,104000000028549,https://mer.markit.com/br-reg/public/project.jsp?project_id=104000000028549,Scotland,Validated,Unissued,Forest Carbon Ltd,Organic Farmers & Growers C.I.C.,2025,2075,50,42.732,3897,3312,55.654904,-6.240253,0.0,0.066,41.462,1.204,0.0,0,0.0,0.0,0.0,0.0,0,0,0.0,0.0,0.0,0.0
Grimersta Estate (Phase 1),104000000028557,https://mer.markit.com/br-reg/public/project.jsp?project_id=104000000028557,Scotland,Under Development,Unissued,Caledonian Climate,Organic Farmers & Growers C.I.C.,2025,2125,100,153.78,50039,42533,58.137722,-6.777948,12.47,1.89,0.59,138.83,0.0,0,0.0,0.0,0.0,0.0,0,0,0.0,0.0,0.0,0.0
Grinton Estate,104000000028439,https://mer.markit.com/br-reg/public/project.jsp?project_id=104000000028439,England,Under Development,Unissued,Yorkshire Wildlife Trust,N/A,2025,2055,30,212.72,14563,12378,54.360425,-1.999966,1.64,3.49,14.05,193.54,0.0,0,0.0,0.0,0.0,0.0,0,0,0.0,0.0,0.0,0.0
Groes Bryn-Llwyd,104000000026995,https://mer.markit.com/br-reg/public/project.jsp?project_id=104000000026995,Wales,Under Development,Unissued,Snowdonia National Park Authority,Organic Farmers & Growers C.I.C.,2025,2055,30,66.0,0,0,52.315298,-3.738344,66.0,0.0,0.0,0.0,0.0,0,0.0,0.0,0.0,0.0,0,0,0.0,0.0,0.0,0.0
Gruinard Estate (Phase 1),104000000026984,https://mer.markit.com/br-reg/public/project.jsp?project_id=104000000026984,Scotland,Validated,Unissued,Caledonian Climate,Organic Farmers & Growers C.I.C.,2025,2125,100,175.36,50498,42923,57.747893,-5.189227,9.97,2.19,163.2,0.0,0.0,0,0.0,0.0,0.0,0.0,0,0,0.0,0.0,0.0,0.0
Gruinard Estate (Phase 2),104000000029018,https://mer.markit.com/br-reg/public/project.jsp?project_id=104000000029018,Scotland,Under Development,Unissued,Caledonian Climate,Soil Association Certification Ltd,2025,2080,55,208.16,38623,32830,57.77121,-5.191284,8.98,3.61,14.21,181.36,0.0,0,0.0,0.0,0.0,0.0,0,0,0.0,0.0,0.0,0.0
"Hafod, Lake Vyrnwy",104000000029124,https://mer.markit.com/br-reg/public/project.jsp?project_id=104000000029124,Wales,Under Development,Unissued,Severn Trent Plc,Organic Farmers & Growers C.I.C.,2025,2055,30,136.39,10211,8680,52.771926,-3.551913,1.24,0.0,79.57,55.58,0.0,0,0.0,0.0,0.0,0.0,0,0,0.0,0.0,0.0,0.0
Hangingstone Hill Phase 1,104000000028128,https://mer.markit.com/br-reg/public/project.jsp?project_id=104000000028128,England,Under Development,Unissued,Duchy of Cornwall,Organic Farmers & Growers C.I.C.,2025,2055,30,107.78,10580,8993,50.65264,-3.96199,6.53,3.66,0.0,97.59,0.0,0,0.0,0.0,0.0,0.0,0,0,0.0,0.0,0.0,0.0
Hareden Fell,104000000027811,https://mer.markit.com/br-reg/public/project.jsp?project_id=104000000027811,England,Under Development,Unissued,Yorkshire Wildlife Trust,Organic Farmers & Growers C.I.C.,2025,2060,35,49.887,4465,3795,53.922113,-2.60447,1.06,1.365,0.0,47.462,0.0,0,0.0,0.0,0.0,0.0,0,0,0.0,0.0,0.0,0.0
Hengwm,104000000027981,https://mer.markit.com/br-reg/public/project.jsp?project_id=104000000027981,Wales,Under Development,Unissued,Snowdonia National Park Authority,Organic Farmers & Growers C.I.C.,2025,2060,35,38.96,3899,3314,52.76764,-3.66885,2.56,0.09,12.88,23.43,0.0,0,0.0,0.0,0.0,0.0,0,0,0.0,0.0,0.0,0.0
Holcombe,104000000028993,https://mer.markit.com/br-reg/public/project.jsp?project_id=104000000028993,England,Under Development,Unissued,National Trust,N/A,2025,2055,30,32.16,2438,2072,53.666918,-2.366221,0.39,1.25,0.0,30.52,0.0,0,0.0,0.0,0.0,0.0,0,0,0.0,0.0,0.0,0.0
Holme House Fell,104000000027270,https://mer.markit.com/br-reg/public/project.jsp?project_id=104000000027270,England,Validated,Unissued,Yorkshire Wildlife Trust,Organic Farmers & Growers C.I.C.,2025,2060,35,22.28,1664,1414,53.926881,-2.621291,0.47,0.0,0.0,21.81,0.0,0,0.0,0.0,0.0,0.0,0,0,0.0,0.0,0.0,0.0
Invercassley Phase 1 - Carn Beag,104000000029326,https://mer.markit.com/br-reg/public/project.jsp?project_id=104000000029326,Scotland,Under Development,Unissued,Caledonian Climate,Soil Association Certification Ltd,2025,2065,40,247.26,26838,22812,57.988777,-4.640368,0.13,0.23,246.48,0.42,0.0,0,0.0,0.0,0.0,0.0,0,0,0.0,0.0,0.0,0.0
Inverlael 3 [Gleann a' Mhadaidh],104000000028981,https://mer.markit.com/br-reg/public/project.jsp?project_id=104000000028981,Scotland,Under Development,Unissued,Angus Davidson Ltd,Soil Association Certification Ltd,2025,2075,50,122.842,23202,19722,57.826714,-4.97887,19.983,0.379,0.0,102.48,0.0,0,0.0,0.0,0.0,0.0,0,0,0.0,0.0,0.0,0.0
Inverlael Estate (Phase 1),104000000026988,https://mer.markit.com/br-reg/public/project.jsp?project_id=104000000026988,Scotland,Validated,Unissued,Angus Davidson Ltd,Organic Farmers & Growers C.I.C.,2025,2125,100,101.12,37213,31631,57.834669,-4.984583,9.45,2.76,0.0,88.91,0.0,0,0.0,0.0,0.0,0.0,0,0,0.0,0.0,0.0,0.0
Invermark Estate (Phase 1),104000000026986,https://mer.markit.com/br-reg/public/project.jsp?project_id=104000000026986,Scotland,Under Development,Unissued,Angus Davidson Ltd,Organic Farmers & Growers C.I.C.,2025,2055,30,451.64,0,0,56.955477,-2.930579,451.64,0.0,0.0,0.0,0.0,0,0.0,0.0,0.0,0.0,0,0,0.0,0.0,0.0,0.0
Killhope Head Peatland Code,104000000027214,https://mer.markit.com/br-reg/public/project.jsp?project_id=104000000027214,England,Validated,Unissued,Durham County Council (NPAP),Organic Farmers & Growers C.I.C.,2025,2055,30,29.17,3710,3153,54.789591,-2.312543,4.57,0.0,0.0,24.6,0.0,0,0.0,0.0,0.0,0.0,0,0,0.0,0.0,0.0,0.0
Kinder 24-25,104000000029357,https://mer.markit.com/br-reg/public/project.jsp?project_id=104000000029357,England,Under Development,Unissued,National Trust,N/A,2025,2055,30,349.86,23113,19646,53.390564,-1.86764,1.24,6.18,0.0,342.44,0.0,0,0.0,0.0,0.0,0.0,0,0,0.0,0.0,0.0,0.0
Kingsdale Head,104000000028462,https://mer.markit.com/br-reg/public/project.jsp?project_id=104000000028462,England,Under Development,Unissued,Yorkshire Wildlife Trust,Organic Farmers & Growers C.I.C.,2025,2060,35,233.22,14867,12637,54.217634,-2.437022,0.02,0.3,178.3,54.6,0.0,0,0.0,0.0,0.0,0.0,0,0,0.0,0.0,0.0,0.0
Kinlochdamph Phase 1,104000000028290,https://mer.markit.com/br-reg/public/project.jsp?project_id=104000000028290,Scotland,Validated,Issued,Land Carbon Ltd,Organic Farmers & Growers C.I.C.,2022,2092,70,91.5,19376,16470,57.435843,-5.595384,6.3,0.9,35.8,48.5,0.0,0,0.0,0.0,0.0,0.0,0,0,0.0,0.0,0.0,0.0
Laggan Phase 2,104000000028473,https://mer.markit.com/br-reg/public/project.jsp?project_id=104000000028473,Scotland,Validated,Unissued,Forest Carbon Ltd,Soil Association Certification Ltd,2025,2100,75,188.833,25492,21668,55.70882,-6.239283,0.0,0.0,150.543,38.29,0.0,0,0.0,0.0,0.0,0.0,0,0,0.0,0.0,0.0,0.0
Laggan Phase 3,104000000028939,https://mer.markit.com/br-reg/public/project.jsp?project_id=104000000028939,Scotland,Under Development,Unissued,Forest Carbon Ltd,N/A,2025,2125,100,81.962,20892,17758,55.6924,-6.16585,1.351,0.0,44.785,35.826,0.0,0,0.0,0.0,0.0,0.0,0,0,0.0,0.0,0.0,0.0
Larriston Fells,104000000028871,https://mer.markit.com/br-reg/public/project.jsp?project_id=104000000028871,Scotland,Under Development,Unissued,Forest Carbon Ltd,Soil Association Certification Ltd,2025,2125,100,42.71,7688,6535,55.238419,-2.658879,0.0,0.0,42.71,0.0,0.0,0,0.0,0.0,0.0,0.0,0,0,0.0,0.0,0.0,0.0
Latheronwheel Estate (Phase 1),104000000029014,https://mer.markit.com/br-reg/public/project.jsp?project_id=104000000029014,Scotland,Under Development,Unissued,Caledonian Climate,Soil Association Certification Ltd,2025,2125,100,284.13,74107,62991,58.356386,-3.455911,3.24,0.01,199.77,81.11,0.0,0,0.0,0.0,0.0,0.0,0,0,0.0,0.0,0.0,0.0
Latheronwheel Estate (Phase 2),104000000029015,https://mer.markit.com/br-reg/public/project.jsp?project_id=104000000029015,Scotland,Under Development,Unissued,Caledonian Climate,Soil Association Certification Ltd,2025,2125,100,280.51,74995,63746,58.354917,-3.426799,1.52,0.35,242.36,36.28,0.0,0,0.0,0.0,0.0,0.0,0,0,0.0,0.0,0.0,0.0
Leadloch Peatland,104000000029074,https://mer.markit.com/br-reg/public/project.jsp?project_id=104000000029074,Scotland,Under Development,Unissued,The Future Forest Company,"SAC Consulting, SRUC",2025,2125,100,24.3,6561,5577,55.822633,-3.746143,0.0,0.0,24.3,0.0,0.0,0,0.0,0.0,0.0,0.0,0,0,0.0,0.0,0.0,0.0
Ledgowan Estate (Phase 1-3),104000000026985,https://mer.markit.com/br-reg/public/project.jsp?project_id=104000000026985,Scotland,Under Development,Unissued,Angus Davidson Ltd,Organic Farmers & Growers C.I.C.,2025,2055,30,203.81,0,0,57.55785,-5.061975,203.81,0.0,0.0,0.0,0.0,0,0.0,0.0,0.0,0.0,0,0,0.0,0.0,0.0,0.0
Lochrosque Estate (Phase 8),104000000028435,https://mer.markit.com/br-reg/public/project.jsp?project_id=104000000028435,Scotland,Validated,Issued,Pat Wilson Farms Lochrosque,Organic Farmers & Growers C.I.C.,2023,2123,100,662.47,146912,124875,57.627545,-5.0396,16.92,0.85,56.03,588.67,0.0,0,0.0,0.0,0.0,0.0,0,0,0.0,0.0,0.0,0.0
Loch Rosque Estate (Phases 5-7),104000000026989,https://mer.markit.com/br-reg/public/project.jsp?project_id=104000000026989,Scotland,Restoration Validated,Issued,Scottish Woodlands Ltd,Organic Farmers & Growers C.I.C.,2021,2121,100,478.66,152222,129389,57.60255,-5.032489,28.04,14.39,75.9,360.33,0.0,0,0.0,0.0,0.0,0.0,0,0,0.0,0.0,0.0,0.0
Lochrosque Estate,104000000026999,https://mer.markit.com/br-reg/public/project.jsp?project_id=104000000026999,Scotland,Restoration Validated,Issued,Scottish Woodlands Ltd,Organic Farmers & Growers C.I.C.,2019,2119,100,249.08,102475,87104,57.59265,-5.106986,21.02,16.0,30.21,181.85,0.0,0,0.0,0.0,0.0,0.0,0,0,0.0,0.0,0.0,0.0
Lowther Hills,104000000027913,https://mer.markit.com/br-reg/public/project.jsp?project_id=104000000027913,Scotland,Validated,Unissued,Buccleuch Estates Ltd,Organic Farmers & Growers C.I.C.,2025,2125,100,127.36,28374,24118,55.306038,-3.671378,3.24,0.26,56.33,67.53,0.0,0,0.0,0.0,0.0,0.0,0,0,0.0,0.0,0.0,0.0
Lumbister Phase 2,104000000028550,https://mer.markit.com/br-reg/public/project.jsp?project_id=104000000028550,Scotland,Under Development,Unissued,RSPB,Soil Association Certification Ltd,2025,2125,100,147.39,30190,25661,60.620965,-1.104696,2.59,0.0,73.49,35.59,35.72,0,0.0,0.0,0.0,0.0,0,0,0.0,0.0,0.0,0.0
Lynaberack peatland restoration - Phase 3,104000000028527,https://mer.markit.com/br-reg/public/project.jsp?project_id=104000000028527,Scotland,Validated,Unissued,Wildland Limited,Soil Association Certification Ltd,2025,2125,100,48.36,9169,7794,56.967088,-4.06255,0.3,0.0,0.0,48.06,0.0,0,0.0,0.0,0.0,0.0,0,0,0.0,0.0,0.0,0.0
Lynaberack peatland restoration - Phase 4,104000000028528,https://mer.markit.com/br-reg/public/project.jsp?project_id=104000000028528,Scotland,Under Development,Unissued,Wildland Limited,Soil Association Certification Ltd,2025,2125,100,50.526,10088,8575,56.967277,-4.051045,0.638,0.0,0.0,49.888,0.0,0,0.0,0.0,0.0,0.0,0,0,0.0,0.0,0.0,0.0
Maol an t-Srathain,104000000028287,https://mer.markit.com/br-reg/public/project.jsp?project_id=104000000028287,Scotland,Validated,Unissued,Angus Davidson Ltd,Organic Farmers & Growers C.I.C.,2025,2125,100,110.71,28896,24562,57.537109,-4.871629,5.76,0.0,104.95,0.0,0.0,0,0.0,0.0,0.0,0.0,0,0,0.0,0.0,0.0,0.0
Maol Donn Phase 1,104000000029178,https://mer.markit.com/br-reg/public/project.jsp?project_id=104000000029178,Scotland,Under Development,Unissued,RSPB,Soil Association Certification Ltd,2025,2125,100,80.92,19153,16280,58.378098,-3.732131,1.22,0.0,25.7,54.0,0.0,0,0.0,0.0,0.0,0.0,0,0,0.0,0.0,0.0,0.0
Mar Estate (Carn Creagach),104000000028496,https://mer.markit.com/br-reg/public/project.jsp?project_id=104000000028496,Scotland,Under Development,Unissued,Caledonian Climate,Organic Farmers & Growers C.I.C.,2025,2075,50,55.06,8457,7188,56.938817,-3.52842,2.96,0.55,0.0,51.55,0.0,0,0.0,0.0,0.0,0.0,0,0,0.0,0.0,0.0,0.0
Mar Lodge Peatland Restoration 2022,104000000028521,https://mer.markit.com/br-reg/public/project.jsp?project_id=104000000028521,Scotland,Validated,Issued,National Trust for Scotland,Soil Association Certification Ltd,2023,2083,60,88.395,16432,13967,56.9809,-3.679886,7.297,0.073,0.0,81.025,0.0,0,0.0,0.0,0.0,0.0,0,0,0.0,0.0,0.0,0.0
Mar Lodge Peatland Restoration 2023,104000000029085,https://mer.markit.com/br-reg/public/project.jsp?project_id=104000000029085,Scotland,Under Development,Unissued,National Trust for Scotland,Soil Association Certification Ltd,2025,2065,40,145.0,15382,13075,56.9806,-3.69633,9.06,0.0,0.0,135.94,0.0,0,0.0,0.0,0.0,0.0,0,0,0.0,0.0,0.0,0.0
MDMG Aberarder 20,104000000028123,https://mer.markit.com/br-reg/public/project.jsp?project_id=104000000028123,Scotland,Under Development,Unissued,Strath Caulaidh Ltd,Organic Farmers & Growers C.I.C.,2025,2125,100,63.67,18685,15882,57.27269,-4.245,4.64,0.0,0.0,59.03,0.0,0,0.0,0.0,0.0,0.0,0,0,0.0,0.0,0.0,0.0
MDMG Aberarder 22,104000000028503,https://mer.markit.com/br-reg/public/project.jsp?project_id=104000000028503,Scotland,Under Development,Unissued,Strath Caulaidh Ltd,Organic Farmers & Growers C.I.C.,2025,2125,100,55.49,12433,10568,57.27015,-4.256944,1.57,0.0,0.63,53.29,0.0,0,0.0,0.0,0.0,0.0,0,0,0.0,0.0,0.0,0.0
MDMG Aberarder 23,104000000029000,https://mer.markit.com/br-reg/public/project.jsp?project_id=104000000029000,Scotland,Under Development,Unissued,Strath Caulaidh Ltd,Organic Farmers & Growers C.I.C.,2025,2125,100,82.42,24691,20987,57.269851,-4.273513,6.33,0.0,0.47,75.62,0.0,0,0.0,0.0,0.0,0.0,0,0,0.0,0.0,0.0,0.0
MDMG Balavil 20,104000000028121,https://mer.markit.com/br-reg/public/project.jsp?project_id=104000000028121,Scotland,Under Development,Unissued,Strath Caulaidh Ltd,Organic Farmers & Growers C.I.C.,2025,2125,100,54.1,15826,13452,57.15834,-4.06561,3.64,0.27,0.0,50.19,0.0,0,0.0,0.0,0.0,0.0,0,0,0.0,0.0,0.0,0.0
MDMG Balavil 22,104000000028504,https://mer.markit.com/br-reg/public/project.jsp?project_id=104000000028504,Scotland,Under Development,Unissued,Strath Caulaidh Ltd,Organic Farmers & Growers C.I.C.,2025,2125,100,58.804,18687,15884,57.163717,-4.07184,5.2,0.004,0.0,53.6,0.0,0,0.0,0.0,0.0,0.0,0,0,0.0,0.0,0.0,0.0
MDMG Balavil 23,104000000029001,https://mer.markit.com/br-reg/public/project.jsp?project_id=104000000029001,Scotland,Under Development,Unissued,Strath Caulaidh Ltd,Organic Farmers & Growers C.I.C.,2025,2125,100,56.89,17325,14726,57.156344,-4.082998,4.55,0.0,0.0,52.34,0.0,0,0.0,0.0,0.0,0.0,0,0,0.0,0.0,0.0,0.0
MDMG Braeroy 20,104000000028120,https://mer.markit.com/br-reg/public/project.jsp?project_id=104000000028120,Scotland,Under Development,Unissued,Wildland Limited,Organic Farmers & Growers C.I.C.,2025,2110,85,49.95,13386,11378,56.98281,-4.64078,4.1,0.24,0.0,45.61,0.0,0,0.0,0.0,0.0,0.0,0,0,0.0,0.0,0.0,0.0
MDMG Braeroy 21,104000000027894,https://mer.markit.com/br-reg/public/project.jsp?project_id=104000000027894,Scotland,Under Development,Unissued,Wildland Limited,Organic Farmers & Growers C.I.C.,2025,2125,100,80.713,25722,21864,57.017054,-4.766011,6.646,0.543,0.0,73.524,0.0,0,0.0,0.0,0.0,0.0,0,0,0.0,0.0,0.0,0.0
MDMG Braeroy 22,104000000028576,https://mer.markit.com/br-reg/public/project.jsp?project_id=104000000028576,Scotland,Under Development,Unissued,Wildland Limited,N/A,2025,2125,100,100.04,28501,24226,57.02386,-4.75445,6.6,0.14,0.0,93.3,0.0,0,0.0,0.0,0.0,0.0,0,0,0.0,0.0,0.0,0.0
MDMG Braeroy 23,104000000029012,https://mer.markit.com/br-reg/public/project.jsp?project_id=104000000029012,Scotland,Under Development,Unissued,Wildland Limited,Organic Farmers & Growers C.I.C.,2025,2080,55,42.7,5152,4379,56.98005,-4.617895,1.08,0.0,0.0,41.62,0.0,0,0.0,0.0,0.0,0.0,0,0,0.0,0.0,0.0,0.0
MDMG Dalmigavie 21,104000000027756,https://mer.markit.com/br-reg/public/project.jsp?project_id=104000000027756,Scotland,Validated,Unissued,Strath Caulaidh Ltd,Organic Farmers & Growers C.I.C.,2025,2125,100,100.55,36119,30701,57.212464,-4.06248,10.09,1.48,0.74,88.24,0.0,0,0.0,0.0,0.0,0.0,0,0,0.0,0.0,0.0,0.0
MDMG Dalmigavie 22,104000000028505,https://mer.markit.com/br-reg/public/project.jsp?project_id=104000000028505,Scotland,Under Development,Unissued,Strath Caulaidh Ltd,Organic Farmers & Growers C.I.C.,2025,2125,100,91.105,20875,17744,57.20153,-4.067333,2.81,0.065,17.6,70.63,0.0,0,0.0,0.0,0.0,0.0,0,0,0.0,0.0,0.0,0.0
MDMG Dalmigavie 23,104000000029003,https://mer.markit.com/br-reg/public/project.jsp?project_id=104000000029003,Scotland,Under Development,Unissued,Strath Caulaidh Ltd,Organic Farmers & Growers C.I.C.,2025,2115,90,92.16,20115,17098,57.199516,-4.080463,3.7,0.0,1.08,87.38,0.0,0,0.0,0.0,0.0,0.0,0,0,0.0,0.0,0.0,0.0
MDMG Dunachton 20,104000000028122,https://mer.markit.com/br-reg/public/project.jsp?project_id=104000000028122,Scotland,Under Development,Unissued,Strath Caulaidh Ltd,Organic Farmers & Growers C.I.C.,2025,2125,100,57.77,14369,12214,57.17235,-4.03212,2.55,0.0,0.0,55.22,0.0,0,0.0,0.0,0.0,0.0,0,0,0.0,0.0,0.0,0.0
MDMG Dunachton 21,104000000027761,https://mer.markit.com/br-reg/public/project.jsp?project_id=104000000027761,Scotland,Under Development,Unissued,Strath Caulaidh Ltd,Organic Farmers & Growers C.I.C.,2025,2125,100,47.4,16990,14441,57.17094,-4.04675,3.59,1.84,0.0,41.97,0.0,0,0.0,0.0,0.0,0.0,0,0,0.0,0.0,0.0,0.0
MDMG Dunachton 22,104000000028506,https://mer.markit.com/br-reg/public/project.jsp?project_id=104000000028506,Scotland,Under Development,Unissued,Strath Caulaidh Ltd,Organic Farmers & Growers C.I.C.,2025,2125,100,55.42,14304,12158,57.16563,-4.00909,2.66,0.12,0.0,52.64,0.0,0,0.0,0.0,0.0,0.0,0,0,0.0,0.0,0.0,0.0
MDMG Dunmaglass 21,104000000027762,https://mer.markit.com/br-reg/public/project.jsp?project_id=104000000027762,Scotland,Under Development,Unissued,Strath Caulaidh Ltd,Organic Farmers & Growers C.I.C.,2025,2125,100,54.439,16524,14045,57.229524,-4.31429,4.014,0.305,0.0,50.12,0.0,0,0.0,0.0,0.0,0.0,0,0,0.0,0.0,0.0,0.0
MDMG Dunmaglass 22,104000000028507,https://mer.markit.com/br-reg/public/project.jsp?project_id=104000000028507,Scotland,Under Development,Unissued,Strath Caulaidh Ltd,Organic Farmers & Growers C.I.C.,2025,2125,100,58.78,15687,13334,57.224931,-4.322104,3.16,0.12,0.61,54.89,0.0,0,0.0,0.0,0.0,0.0,0,0,0.0,0.0,0.0,0.0
MDMG Dunmaglass 23,104000000029004,https://mer.markit.com/br-reg/public/project.jsp?project_id=104000000029004,Scotland,Under Development,Unissued,Strath Caulaidh Ltd,Organic Farmers & Growers C.I.C.,2025,2115,90,52.05,13799,11729,57.219301,-4.335,3.79,0.04,0.0,48.22,0.0,0,0.0,0.0,0.0,0.0,0,0,0.0,0.0,0.0,0.0
MDMG Farr 20,104000000028124,https://mer.markit.com/br-reg/public/project.jsp?project_id=104000000028124,Scotland,Under Development,Unissued,Strath Caulaidh Ltd,Organic Farmers & Growers C.I.C.,2025,2125,100,258.53,51253,43565,57.326609,-4.10987,3.03,0.0,152.48,103.02,0.0,0,0.0,0.0,0.0,0.0,0,0,0.0,0.0,0.0,0.0
MDMG Farr 21,104000000027763,https://mer.markit.com/br-reg/public/project.jsp?project_id=104000000027763,Scotland,Under Development,Unissued,Strath Caulaidh Ltd,Organic Farmers & Growers C.I.C.,2025,2125,100,73.43,22606,19215,57.343509,-4.086243,5.78,0.25,0.0,67.4,0.0,0,0.0,0.0,0.0,0.0,0,0,0.0,0.0,0.0,0.0
MDMG Farr 22,104000000028508,https://mer.markit.com/br-reg/public/project.jsp?project_id=104000000028508,Scotland,Under Development,Unissued,Strath Caulaidh Ltd,Organic Farmers & Growers C.I.C.,2025,2125,100,73.24,21591,18352,57.27904,-4.159605,5.15,0.25,0.0,67.84,0.0,0,0.0,0.0,0.0,0.0,0,0,0.0,0.0,0.0,0.0
MDMG Glenmazeran 20,104000000028125,https://mer.markit.com/br-reg/public/project.jsp?project_id=104000000028125,Scotland,Under Development,Unissued,Strath Caulaidh Ltd,Organic Farmers & Growers C.I.C.,2025,2115,90,86.35,14395,12236,57.25731,-4.1598,0.29,0.0,52.33,33.73,0.0,0,0.0,0.0,0.0,0.0,0,0,0.0,0.0,0.0,0.0
MDMG Glenmazeran 22,104000000028509,https://mer.markit.com/br-reg/public/project.jsp?project_id=104000000028509,Scotland,Under Development,Unissued,Strath Caulaidh Ltd,Organic Farmers & Growers C.I.C.,2025,2125,100,48.88,14217,12084,57.275515,-4.156081,3.1,0.38,0.0,45.4,0.0,0,0.0,0.0,0.0,0.0,0,0,0.0,0.0,0.0,0.0
MDMG Glenmazeran 23,104000000029005,https://mer.markit.com/br-reg/public/project.jsp?project_id=104000000029005,Scotland,Under Development,Unissued,Strath Caulaidh Ltd,Organic Farmers & Growers C.I.C.,2025,2115,90,62.29,20531,17451,57.278763,-4.176179,7.21,0.24,0.0,54.84,0.0,0,0.0,0.0,0.0,0.0,0,0,0.0,0.0,0.0,0.0
MDMG Glenshero 22,104000000029006,https://mer.markit.com/br-reg/public/project.jsp?project_id=104000000029006,Scotland,Under Development,Unissued,Strath Caulaidh Ltd,Organic Farmers & Growers C.I.C.,2025,2075,50,95.91,15288,12995,57.008244,-4.514459,8.55,0.0,0.0,87.36,0.0,0,0.0,0.0,0.0,0.0,0,0,0.0,0.0,0.0,0.0
MDMG Kinrara 21,104000000027764,https://mer.markit.com/br-reg/public/project.jsp?project_id=104000000027764,Scotland,Validated,Unissued,Strath Caulaidh Ltd,Organic Farmers & Growers C.I.C.,2025,2125,100,291.051,60177,51150,57.245421,-3.996945,4.464,0.537,176.6,109.45,0.0,0,0.0,0.0,0.0,0.0,0,0,0.0,0.0,0.0,0.0
MDMG Kinrara 22,104000000028510,https://mer.markit.com/br-reg/public/project.jsp?project_id=104000000028510,Scotland,Under Development,Unissued,Strath Caulaidh Ltd,Organic Farmers & Growers C.I.C.,2025,2100,75,101.1,15225,12941,57.190679,-3.901228,1.3,0.05,46.98,52.77,0.0,0,0.0,0.0,0.0,0.0,0,0,0.0,0.0,0.0,0.0
MDMG Kinrara 23,104000000029007,https://mer.markit.com/br-reg/public/project.jsp?project_id=104000000029007,Scotland,Under Development,Unissued,Strath Caulaidh Ltd,Organic Farmers & Growers C.I.C.,2025,2080,55,195.23,21374,18168,57.209873,-3.938643,1.05,1.34,84.39,108.45,0.0,0,0.0,0.0,0.0,0.0,0,0,0.0,0.0,0.0,0.0
MDMG Pitmain 20,104000000028126,https://mer.markit.com/br-reg/public/project.jsp?project_id=104000000028126,Scotland,Under Development,Unissued,Strath Caulaidh Ltd,Organic Farmers & Growers C.I.C.,2025,2100,75,54.25,9414,8002,57.138547,-4.0877,1.29,0.5,0.98,51.48,0.0,0,0.0,0.0,0.0,0.0,0,0,0.0,0.0,0.0,0.0
MDMG Pitmain 21,104000000027765,https://mer.markit.com/br-reg/public/project.jsp?project_id=104000000027765,Scotland,Under Development,Unissued,Strath Caulaidh Ltd,Organic Farmers & Growers C.I.C.,2025,2120,95,62.486,13772,11706,57.15623,-4.100618,1.266,0.821,0.0,60.399,0.0,0,0.0,0.0,0.0,0.0,0,0,0.0,0.0,0.0,0.0
MDMG Pitmain 22,104000000028511,https://mer.markit.com/br-reg/public/project.jsp?project_id=104000000028511,Scotland,Under Development,Unissued,Strath Caulaidh Ltd,Organic Farmers & Growers C.I.C.,2025,2100,75,54.96,9125,7756,57.145296,-4.098907,1.2,0.26,0.0,53.5,0.0,0,0.0,0.0,0.0,0.0,0,0,0.0,0.0,0.0,0.0
Middleton Common,104000000029304,https://mer.markit.com/br-reg/public/project.jsp?project_id=104000000029304,England,Under Development,Unissued,Durham County Council (NPAP),N/A,2025,2125,100,27.14,7440,6324,54.687515,-2.088386,0.9,1.02,0.0,25.22,0.0,0,0.0,0.0,0.0,0.0,0,0,0.0,0.0,0.0,0.0
Millerston Peatland Restoration,104000000029324,https://mer.markit.com/br-reg/public/project.jsp?project_id=104000000029324,Scotland,Under Development,Unissued,Tilhill Forestry,Soil Association Certification Ltd,2025,2110,85,5.0,1148,976,55.884027,-4.179007,0.0,0.0,5.0,0.0,0.0,0,0.0,0.0,0.0,0.0,0,0,0.0,0.0,0.0,0.0
Mointeach Leacaidh,104000000028210,https://mer.markit.com/br-reg/public/project.jsp?project_id=104000000028210,Scotland,Restoration Validated,Issued,Scottish Woodlands Ltd,Organic Farmers & Growers C.I.C.,2022,2122,100,149.908,46723,39715,57.646171,-5.195378,11.33,1.348,0.0,137.23,0.0,0,0.0,0.0,0.0,0.0,0,0,0.0,0.0,0.0,0.0
Morsgail 1 [Coltraiseal Mor],104000000028512,https://mer.markit.com/br-reg/public/project.jsp?project_id=104000000028512,Scotland,Under Development,Unissued,Angus Davidson Ltd,Organic Farmers & Growers C.I.C.,2025,2125,100,126.852,24194,20565,58.092012,-6.844867,0.303,0.571,115.719,10.259,0.0,0,0.0,0.0,0.0,0.0,0,0,0.0,0.0,0.0,0.0
Morsgail 2 [Griosamul],104000000028535,https://mer.markit.com/br-reg/public/project.jsp?project_id=104000000028535,Scotland,Under Development,Unissued,Angus Davidson Ltd,Organic Farmers & Growers C.I.C.,2025,2114,89,540.496,163178,138701,58.040548,-6.849759,54.544,0.727,16.153,469.072,0.0,0,0.0,0.0,0.0,0.0,0,0,0.0,0.0,0.0,0.0
Mount Lothian Moss Peatland Restoration,104000000028587,https://mer.markit.com/br-reg/public/project.jsp?project_id=104000000028587,Scotland,Under Development,Unissued,Glenrath Farms Ltd,Organic Farmers & Growers C.I.C.,2025,2125,100,52.0,9360,7956,55.787957,-3.188,0.0,0.0,0.0,0.0,0.0,0,0.0,0.0,52.0,0.0,0,0,0.0,0.0,0.0,0.0
Moy Crofts,104000000028573,https://mer.markit.com/br-reg/public/project.jsp?project_id=104000000028573,Scotland,Under Development,Unissued,Caledonian Climate,Soil Association Certification Ltd,2025,2125,100,63.65,16953,14410,56.92308,-5.031356,3.38,0.15,0.0,60.12,0.0,0,0.0,0.0,0.0,0.0,0,0,0.0,0.0,0.0,0.0
Muckrach Peatland Phase 1,104000000028185,https://mer.markit.com/br-reg/public/project.jsp?project_id=104000000028185,Scotland,Under Development,Unissued,Savills (UK) Ltd,Organic Farmers & Growers C.I.C.,2025,2090,65,32.45,5173,4397,57.335093,-3.711643,1.36,0.0,24.52,6.57,0.0,0,0.0,0.0,0.0,0.0,0,0,0.0,0.0,0.0,0.0
Mullach a' Bhreun Leitir,104000000028282,https://mer.markit.com/br-reg/public/project.jsp?project_id=104000000028282,Scotland,Under Development,Unissued,Angus Davidson Ltd,Organic Farmers & Growers C.I.C.,2025,2125,100,145.371,47305,40209,57.901745,-4.882108,11.67,1.906,2.648,129.147,0.0,0,0.0,0.0,0.0,0.0,0,0,0.0,0.0,0.0,0.0
Mullach a' Bhreun Leitir (East Rhidorroch),104000000028289,https://mer.markit.com/br-reg/public/project.jsp?project_id=104000000028289,Scotland,Validated,Unissued,Angus Davidson Ltd,Organic Farmers & Growers C.I.C.,2025,2125,100,95.598,31998,27198,57.967039,-4.733464,8.029,1.47,0.0,86.099,0.0,0,0.0,0.0,0.0,0.0,0,0,0.0,0.0,0.0,0.0
New House,104000000027003,https://mer.markit.com/br-reg/public/project.jsp?project_id=104000000027003,England,Under Development,Unissued,Yorkshire Wildlife Trust,Organic Farmers & Growers C.I.C.,2025,2055,30,18.45,1459,1240,54.251644,-2.093587,18.45,0.0,0.0,0.0,0.0,0,0.0,0.0,0.0,0.0,0,0,0.0,0.0,0.0,0.0
Northern Estates peatland restoration - Phase 1,104000000029016,https://mer.markit.com/br-reg/public/project.jsp?project_id=104000000029016,Scotland,Under Development,Unissued,Wildland Limited,N/A,2025,2075,50,657.37,107132,91062,58.425665,-4.450341,39.16,0.0,576.36,41.85,0.0,0,0.0,0.0,0.0,0.0,0,0,0.0,0.0,0.0,0.0
NSM Kirklea,104000000029290,https://mer.markit.com/br-reg/public/project.jsp?project_id=104000000029290,Scotland,Under Development,Unissued,Stanley Wright,N/A,2025,2085,60,74.11,12005,10204,55.447514,-3.949313,0.4,0.0,68.13,5.58,0.0,0,0.0,0.0,0.0,0.0,0,0,0.0,0.0,0.0,0.0
Ockerton Court North Phase 1,104000000028637,https://mer.markit.com/br-reg/public/project.jsp?project_id=104000000028637,England,Under Development,Unissued,Duchy of Cornwall,N/A,2025,2055,30,97.56,9131,7761,50.666594,-3.988045,0.0,0.0,0.0,0.0,0.0,0,6.1,2.17,16.77,72.52,0,0,0.0,0.0,0.0,0.0
Oss Flats,104000000027482,https://mer.markit.com/br-reg/public/project.jsp?project_id=104000000027482,Scotland,Under Development,Unissued,Forest Carbon Ltd,Organic Farmers & Growers C.I.C.,2025,2125,100,126.75,32382,27525,56.358073,-4.745085,3.9,2.62,4.03,116.2,0.0,0,0.0,0.0,0.0,0.0,0,0,0.0,0.0,0.0,0.0
Pennant,104000000028556,https://mer.markit.com/br-reg/public/project.jsp?project_id=104000000028556,Wales,Under Development,Unissued,Snowdonia National Park Authority,Organic Farmers & Growers C.I.C.,2025,2060,35,34.18,4540,3859,52.775874,-3.658795,4.05,0.33,0.0,29.8,0.0,0,0.0,0.0,0.0,0.0,0,0,0.0,0.0,0.0,0.0
Phase 2 Amair (N),104000000029156,https://mer.markit.com/br-reg/public/project.jsp?project_id=104000000029156,Scotland,Under Development,Unissued,Ossian (Scotland) Limited,N/A,2025,2105,80,142.4,30807,26186,56.320103,-4.545036,8.86,0.72,0.0,132.82,0.0,0,0.0,0.0,0.0,0.0,0,0,0.0,0.0,0.0,0.0
Phase 3 Loch na Lap (O),104000000029267,https://mer.markit.com/br-reg/public/project.jsp?project_id=104000000029267,Scotland,Under Development,Unissued,Ossian (Scotland) Limited,N/A,2025,2125,100,182.33,53538,45508,56.800892,-4.633234,11.39,2.42,0.0,168.52,0.0,0,0.0,0.0,0.0,0.0,0,0,0.0,0.0,0.0,0.0
Prison Farm Phase 1,104000000028130,https://mer.markit.com/br-reg/public/project.jsp?project_id=104000000028130,England,Under Development,Unissued,Duchy of Cornwall,Organic Farmers & Growers C.I.C.,2025,2055,30,111.64,6659,5660,50.570017,-4.007983,1.35,0.0,78.32,31.97,0.0,0,0.0,0.0,0.0,0.0,0,0,0.0,0.0,0.0,0.0
Quoich 2 [Alltbeithe],104000000028534,https://mer.markit.com/br-reg/public/project.jsp?project_id=104000000028534,Scotland,Under Development,Unissued,Angus Davidson Ltd,Organic Farmers & Growers C.I.C.,2025,2116,91,233.401,66187,56259,57.113198,-5.26331,17.534,1.867,20.58,193.42,0.0,0,0.0,0.0,0.0,0.0,0,0,0.0,0.0,0.0,0.0
Quoich 3 [Gleouraich],104000000028533,https://mer.markit.com/br-reg/public/project.jsp?project_id=104000000028533,Scotland,Under Development,Unissued,Angus Davidson Ltd,Organic Farmers & Growers C.I.C.,2025,2104,79,150.555,32670,27770,57.079031,-5.228944,8.977,0.178,0.0,141.4,0.0,0,0.0,0.0,0.0,0.0,0,0,0.0,0.0,0.0,0.0
Red Lake Phase 1,104000000028129,https://mer.markit.com/br-reg/public/project.jsp?project_id=104000000028129,England,Under Development,Unissued,Duchy of Cornwall,Organic Farmers & Growers C.I.C.,2025,2055,30,35.81,1934,1644,50.482652,-3.908423,0.0,0.0,35.81,0.0,0.0,0,0.0,0.0,0.0,0.0,0,0,0.0,0.0,0.0,0.0
Rhiwargor,104000000027771,https://mer.markit.com/br-reg/public/project.jsp?project_id=104000000027771,Wales,Validated,Unissued,Severn Trent Plc,Organic Farmers & Growers C.I.C.,2025,2055,30,296.036,16694,14190,52.807657,-3.569505,1.513,0.003,46.831,247.689,0.0,0,0.0,0.0,0.0,0.0,0,0,0.0,0.0,0.0,0.0
Ridge Achadunan,104000000028514,https://mer.markit.com/br-reg/public/project.jsp?project_id=104000000028514,Scotland,Under Development,Unissued,Ridge Carbon Capture,"SAC Consulting, SRUC",2025,2075,50,96.82,11995,10196,56.282,-4.8495,2.91,1.45,2.13,90.33,0.0,0,0.0,0.0,0.0,0.0,0,0,0.0,0.0,0.0,0.0
Ridge Achlian,104000000028153,https://mer.markit.com/br-reg/public/project.jsp?project_id=104000000028153,Scotland,Under Development,Unissued,Ridge Carbon Capture,Organic Farmers & Growers C.I.C.,2025,2125,100,170.54,37906,32220,56.353399,-4.985968,3.38,1.25,65.25,100.66,0.0,0,0.0,0.0,0.0,0.0,0,0,0.0,0.0,0.0,0.0
Ridge Craigmuie,104000000028930,https://mer.markit.com/br-reg/public/project.jsp?project_id=104000000028930,Scotland,Under Development,Unissued,Ridge Carbon Capture,Organic Farmers & Growers C.I.C.,2025,2125,100,45.14,12209,10378,55.142622,-3.962662,0.04,0.0,44.83,0.27,0.0,0,0.0,0.0,0.0,0.0,0,0,0.0,0.0,0.0,0.0
Ridge Dell,104000000029056,https://mer.markit.com/br-reg/public/project.jsp?project_id=104000000029056,Scotland,Under Development,Unissued,Ridge Carbon Capture,Organic Farmers & Growers C.I.C.,2025,2125,100,72.95,23991,20392,57.141889,-4.482196,5.02,3.8,0.0,64.13,0.0,0,0.0,0.0,0.0,0.0,0,0,0.0,0.0,0.0,0.0
Ridge Graham 1,104000000028155,https://mer.markit.com/br-reg/public/project.jsp?project_id=104000000028155,England,Validated,Issued,Ridge Carbon Capture,Organic Farmers & Growers C.I.C.,2023,2123,100,132.75,32225,27391,55.121719,-2.636572,2.18,3.17,1.41,125.99,0.0,0,0.0,0.0,0.0,0.0,0,0,0.0,0.0,0.0,0.0
Ridge Graham 2,104000000028437,https://mer.markit.com/br-reg/public/project.jsp?project_id=104000000028437,England,Under Development,Unissued,Ridge Carbon Capture,N/A,2025,2125,100,128.92,27176,23100,55.117283,-2.625526,1.53,0.09,0.0,127.3,0.0,0,0.0,0.0,0.0,0.0,0,0,0.0,0.0,0.0,0.0
Ridge Rottal,104000000029010,https://mer.markit.com/br-reg/public/project.jsp?project_id=104000000029010,Scotland,Under Development,Unissued,Ridge Carbon Capture,Organic Farmers & Growers C.I.C.,2025,2075,50,66.78,9069,7709,56.838971,-3.009642,0.31,0.2,60.64,5.63,0.0,0,0.0,0.0,0.0,0.0,0,0,0.0,0.0,0.0,0.0
Rothiemurchus Estate - peatland restoration - Phase 1,104000000029433,https://mer.markit.com/br-reg/public/project.jsp?project_id=104000000029433,Scotland,Under Development,Unissued,Bidwells LLP,Soil Association Certification Ltd,2025,2075,50,71.02,8874,7543,57.106043,-3.791217,3.44,0.0,0.0,67.58,0.0,0,0.0,0.0,0.0,0.0,0,0,0.0,0.0,0.0,0.0
Rottal Estate (Phase 1),104000000026991,https://mer.markit.com/br-reg/public/project.jsp?project_id=104000000026991,Scotland,Restoration Validated,Issued,Caledonian Climate,Organic Farmers & Growers C.I.C.,2020,2120,100,27.285,6462,5493,56.845219,-3.014728,0.786,0.209,11.69,14.6,0.0,0,0.0,0.0,0.0,0.0,0,0,0.0,0.0,0.0,0.0
RSPB Greylake Restoration Project,104000000029086,https://mer.markit.com/br-reg/public/project.jsp?project_id=104000000029086,England,Under Development,Unissued,RSPB,Soil Association Certification Ltd,2025,2125,100,32.4,24007,20406,51.111054,-2.869907,0.0,0.0,0.0,0.0,0.0,0,0.0,0.0,0.0,0.0,0,0,0.0,0.0,25.72,6.68
RSPB Lakenheath Fen Restoration Project,104000000028985,https://mer.markit.com/br-reg/public/project.jsp?project_id=104000000028985,England,Under Development,Unissued,RSPB,Soil Association Certification Ltd,2025,2055,30,7.0,3732,3172,52.446134,0.47052,0.0,0.0,0.0,0.0,0.0,0,0.0,0.0,0.0,0.0,0,0,7.0,0.0,0.0,0.0
Sandside North,104000000028382,https://mer.markit.com/br-reg/public/project.jsp?project_id=104000000028382,Scotland,Under Development,Unissued,Caledonian Climate,Soil Association Certification Ltd,2025,2110,85,100.7,21833,18558,58.508599,-3.779753,4.93,0.25,2.64,92.88,0.0,0,0.0,0.0,0.0,0.0,0,0,0.0,0.0,0.0,0.0
Scaliscro Peatland Restoration,104000000028497,https://mer.markit.com/br-reg/public/project.jsp?project_id=104000000028497,Scotland,Validated,Issued,Scaliscro,Organic Farmers & Growers C.I.C.,2023,2123,100,227.95,64059,54450,58.127044,-6.846231,12.78,2.01,65.44,147.72,0.0,0,0.0,0.0,0.0,0.0,0,0,0.0,0.0,0.0,0.0
Scaliscro Peatland Restoration Phase 2,104000000029145,https://mer.markit.com/br-reg/public/project.jsp?project_id=104000000029145,Scotland,Under Development,Unissued,Scaliscro,Organic Farmers & Growers C.I.C.,2025,2095,70,109.04,21471,18250,58.127044,-6.846231,4.24,3.88,4.53,96.39,0.0,0,0.0,0.0,0.0,0.0,0,0,0.0,0.0,0.0,0.0
Score Head,104000000029061,https://mer.markit.com/br-reg/public/project.jsp?project_id=104000000029061,Scotland,Under Development,Unissued,Forest Carbon Ltd,Soil Association Certification Ltd,2025,2115,90,53.45,12734,10825,55.465596,-2.1866,3.05,0.23,0.53,49.64,0.0,0,0.0,0.0,0.0,0.0,0,0,0.0,0.0,0.0,0.0
Smithills Moor,104000000028064,https://mer.markit.com/br-reg/public/project.jsp?project_id=104000000028064,England,Under Development,Unissued,Woodland Trust,Soil Association Certification Ltd,2025,2125,100,140.33,96784,82266,53.621,-2.517,18.56,27.38,58.41,35.98,0.0,0,0.0,0.0,0.0,0.0,0,0,0.0,0.0,0.0,0.0
Snailsden,104000000028697,https://mer.markit.com/br-reg/public/project.jsp?project_id=104000000028697,England,Under Development,Unissued,Forest Carbon Ltd,N/A,2025,2125,100,327.179,71121,60453,53.527991,-1.797821,7.854,0.0,0.0,319.325,0.0,0,0.0,0.0,0.0,0.0,0,0,0.0,0.0,0.0,0.0
Snaizeholme Peat,104000000028994,https://mer.markit.com/br-reg/public/project.jsp?project_id=104000000028994,England,Under Development,Unissued,Woodland Trust,N/A,2025,2085,60,61.41,8123,6905,54.258,-2.271,0.06,0.48,11.6,49.27,0.0,0,0.0,0.0,0.0,0.0,0,0,0.0,0.0,0.0,0.0
South Stainmore,104000000029106,https://mer.markit.com/br-reg/public/project.jsp?project_id=104000000029106,England,Under Development,Unissued,Durham County Council (NPAP),N/A,2025,2125,100,144.4,40674,34573,54.487899,-2.185202,7.3,2.42,22.13,112.55,0.0,0,0.0,0.0,0.0,0.0,0,0,0.0,0.0,0.0,0.0
Strathbran 1 [Carn Daraich],104000000028440,https://mer.markit.com/br-reg/public/project.jsp?project_id=104000000028440,Scotland,Under Development,Unissued,Angus Davidson Ltd,Organic Farmers & Growers C.I.C.,2025,2125,100,230.998,59957,50963,57.62473,-4.96901,11.679,0.124,14.79,204.405,0.0,0,0.0,0.0,0.0,0.0,0,0,0.0,0.0,0.0,0.0
Strathcanaird East,104000000028990,https://mer.markit.com/br-reg/public/project.jsp?project_id=104000000028990,Scotland,Under Development,Unissued,Caledonian Climate,Soil Association Certification Ltd,2025,2088,63,263.73,55479,47156,57.994906,-5.011454,26.0,5.78,19.8,212.15,0.0,0,0.0,0.0,0.0,0.0,0,0,0.0,0.0,0.0,0.0
Strathcanaird West,104000000028991,https://mer.markit.com/br-reg/public/project.jsp?project_id=104000000028991,Scotland,Under Development,Unissued,Caledonian Climate,Soil Association Certification Ltd,2025,2080,55,211.01,30555,25972,57.992918,-5.094217,4.27,1.84,100.2,104.7,0.0,0,0.0,0.0,0.0,0.0,0,0,0.0,0.0,0.0,0.0
Strathconon Phase 1-3,104000000026982,https://mer.markit.com/br-reg/public/project.jsp?project_id=104000000026982,Scotland,Validated,Unissued,Angus Davidson Ltd,Organic Farmers & Growers C.I.C.,2025,2125,100,332.42,114066,96956,57.557438,-4.886606,28.46,6.37,0.0,297.59,0.0,0,0.0,0.0,0.0,0.0,0,0,0.0,0.0,0.0,0.0
Strathvaich Phase 4,104000000028189,https://mer.markit.com/br-reg/public/project.jsp?project_id=104000000028189,Scotland,Validated,Issued,Strathvaich Farms LLP,Organic Farmers & Growers C.I.C.,2022,2122,100,205.354,70595,60006,57.712747,-4.782649,21.6,0.0,4.554,179.2,0.0,0,0.0,0.0,0.0,0.0,0,0,0.0,0.0,0.0,0.0
Strathvaich Phase 5,104000000028813,https://mer.markit.com/br-reg/public/project.jsp?project_id=104000000028813,Scotland,Under Development,Unissued,Strathvaich Farms LLP,Soil Association Certification Ltd,2025,2090,65,134.09,25829,21955,57.736344,-4.763072,10.02,0.0,0.0,124.07,0.0,0,0.0,0.0,0.0,0.0,0,0,0.0,0.0,0.0,0.0
Strathvaich Phase 6,104000000029028,https://mer.markit.com/br-reg/public/project.jsp?project_id=104000000029028,Scotland,Under Development,Unissued,Strathvaich Farms LLP,Soil Association Certification Ltd,2025,2085,60,135.81,23617,20074,57.722638,-4.814096,8.21,0.46,1.6,125.54,0.0,0,0.0,0.0,0.0,0.0,0,0,0.0,0.0,0.0,0.0
Strone Estate (Phase 1),104000000029013,https://mer.markit.com/br-reg/public/project.jsp?project_id=104000000029013,Scotland,Under Development,Unissued,Caledonian Climate,Soil Association Certification Ltd,2025,2076,51,116.31,21706,18450,56.271167,-4.851931,7.56,2.45,0.0,106.3,0.0,0,0.0,0.0,0.0,0.0,0,0,0.0,0.0,0.0,0.0
Swan Lochs - Phase 2,104000000028205,https://mer.markit.com/br-reg/public/project.jsp?project_id=104000000028205,Scotland,Validated,Unissued,Galbraith Group,Soil Association Certification Ltd,2025,2075,50,109.313,16504,14028,58.26892,-4.85901,8.35,0.213,0.0,100.75,0.0,0,0.0,0.0,0.0,0.0,0,0,0.0,0.0,0.0,0.0
Swarthghyll,104000000028270,https://mer.markit.com/br-reg/public/project.jsp?project_id=104000000028270,England,Validated,Issued,The Future Forest Company,Organic Farmers & Growers C.I.C.,2023,2123,100,47.9,11175,9499,54.247838,-2.252921,1.64,0.0,20.2,26.06,0.0,0,0.0,0.0,0.0,0.0,0,0,0.0,0.0,0.0,0.0
"Talla, Gameshope and Carrifran",104000000026992,https://mer.markit.com/br-reg/public/project.jsp?project_id=104000000026992,Scotland,Validated,Issued,Forest Carbon Ltd,Organic Farmers & Growers C.I.C.,2021,2121,100,89.5,21622,18379,55.434631,-3.376505,89.5,0.0,0.0,0.0,0.0,0,0.0,0.0,0.0,0.0,0,0,0.0,0.0,0.0,0.0
Tarmachan,104000000029059,https://mer.markit.com/br-reg/public/project.jsp?project_id=104000000029059,Scotland,Under Development,Unissued,Forest Carbon Ltd,Soil Association Certification Ltd,2025,2065,40,104.07,12366,10511,56.4988,-4.32139,2.19,2.76,68.7,30.42,0.0,0,0.0,0.0,0.0,0.0,0,0,0.0,0.0,0.0,0.0
Tavy Head Phase 1,104000000028676,https://mer.markit.com/br-reg/public/project.jsp?project_id=104000000028676,England,Under Development,Unissued,Duchy of Cornwall,N/A,2025,2055,30,157.23,19836,16861,50.618889,-3.990273,10.69,13.6,0.0,132.94,0.0,0,0.0,0.0,0.0,0.0,0,0,0.0,0.0,0.0,0.0
"The Cutting, Forsinard",104000000028582,https://mer.markit.com/br-reg/public/project.jsp?project_id=104000000028582,Scotland,Under Development,Unissued,RSPB,Soil Association Certification Ltd,2025,2090,65,70.676,8988,7640,58.389232,-4.01495,0.706,0.005,32.191,37.774,0.0,0,0.0,0.0,0.0,0.0,0,0,0.0,0.0,0.0,0.0
The Oa Phase 2,104000000029260,https://mer.markit.com/br-reg/public/project.jsp?project_id=104000000029260,Scotland,Under Development,Unissued,RSPB,Soil Association Certification Ltd,2025,2080,55,70.43,12046,10239,55.596187,-6.322415,6.85,0.0,7.6,55.98,0.0,0,0.0,0.0,0.0,0.0,0,0,0.0,0.0,0.0,0.0
Totto Hill,104000000028026,https://mer.markit.com/br-reg/public/project.jsp?project_id=104000000028026,Scotland,Validated,Unissued,Scottish Woodlands Ltd,Soil Association Certification Ltd,2025,2125,100,153.58,34651,29453,55.869905,-3.070644,4.5,0.0,0.0,149.08,0.0,0,0.0,0.0,0.0,0.0,0,0,0.0,0.0,0.0,0.0
Tressady Phase 1,104000000028539,https://mer.markit.com/br-reg/public/project.jsp?project_id=104000000028539,Scotland,Validated,Issued,Land Carbon Ltd,Organic Farmers & Growers C.I.C.,2023,2118,95,66.71,12753,10840,58.05171,-4.21452,0.85,0.06,30.7,35.1,0.0,0,0.0,0.0,0.0,0.0,0,0,0.0,0.0,0.0,0.0
Tulchan of Glen Isla,104000000028657,https://mer.markit.com/br-reg/public/project.jsp?project_id=104000000028657,Scotland,Under Development,Unissued,Scottish Woodlands Ltd,Soil Association Certification Ltd,2025,2075,50,175.5,23529,20000,56.830449,-3.342087,0.4,0.0,165.04,10.06,0.0,0,0.0,0.0,0.0,0.0,0,0,0.0,0.0,0.0,0.0
Urlar 1,104000000028992,https://mer.markit.com/br-reg/public/project.jsp?project_id=104000000028992,Scotland,Under Development,Unissued,Caledonian Climate,Soil Association Certification Ltd,2025,2083,58,187.06,34151,29029,56.564777,-3.934807,6.42,1.08,113.16,66.4,0.0,0,0.0,0.0,0.0,0.0,0,0,0.0,0.0,0.0,0.0
Walden Common,104000000029098,https://mer.markit.com/br-reg/public/project.jsp?project_id=104000000029098,England,Under Development,Unissued,Yorkshire Wildlife Trust,Organic Farmers & Growers C.I.C.,2025,2075,50,448.738,48920,41582,54.217525,-2.027568,6.57,0.07,29.628,412.47,0.0,0,0.0,0.0,0.0,0.0,0,0,0.0,0.0,0.0,0.0
Wasdale Head,104000000029068,https://mer.markit.com/br-reg/public/project.jsp?project_id=104000000029068,England,Under Development,Unissued,Lonsdale Settled Estate,N/A,2025,2125,100,207.57,54746,46534,54.466336,-2.683438,0.85,0.0,177.08,29.64,0.0,0,0.0,0.0,0.0,0.0,0,0,0.0,0.0,0.0,0.0
Wedderhill,104000000029391,https://mer.markit.com/br-reg/public/project.jsp?project_id=104000000029391,Scotland,Under Development,Unissued,Angus Davidson Ltd,Organic Farmers & Growers C.I.C.,2025,2125,100,120.084,40093,34079,58.368097,-3.868415,0.359,0.0,112.542,7.183,0.0,0,0.0,0.0,0.0,0.0,0,0,0.0,0.0,0.0,0.0
Wemyss and March Phase 1,104000000027268,https://mer.markit.com/br-reg/public/project.jsp?project_id=104000000027268,Scotland,Restoration Validated,Unissued,Forest Carbon Ltd,Organic Farmers & Growers C.I.C.,2025,2125,100,172.77,43914,37327,55.468254,-3.34287,8.02,0.21,0.0,164.54,0.0,0,0.0,0.0,0.0,0.0,0,0,0.0,0.0,0.0,0.0
Wemyss and March Phase 2,104000000028273,https://mer.markit.com/br-reg/public/project.jsp?project_id=104000000028273,Scotland,Validated,Unissued,Forest Carbon Ltd,Soil Association Certification Ltd,2025,2120,95,174.203,37874,32193,55.453792,-3.26648,5.466,0.0,58.719,110.018,0.0,0,0.0,0.0,0.0,0.0,0,0,0.0,0.0,0.0,0.0
Wemyss and March Phase 3,104000000029040,https://mer.markit.com/br-reg/public/project.jsp?project_id=104000000029040,Scotland,Under Development,Unissued,Forest Carbon Ltd,Soil Association Certification Ltd,2025,2095,70,89.72,15644,13297,55.459067,-3.277723,4.28,0.0,0.0,85.44,0.0,0,0.0,0.0,0.0,0.0,0,0,0.0,0.0,0.0,0.0
Wemyss and March - Syart Burn,104000000029341,https://mer.markit.com/br-reg/public/project.jsp?project_id=104000000029341,Scotland,Under Development,Unissued,Forest Carbon Ltd,N/A,2025,2125,100,72.43,17650,15002,55.469145,-3.259067,3.0,0.0,1.43,68.0,0.0,0,0.0,0.0,0.0,0.0,0,0,0.0,0.0,0.0,0.0
Wicken Fen,104000000029011,https://mer.markit.com/br-reg/public/project.jsp?project_id=104000000029011,England,Under Development,Unissued,National Trust,N/A,2025,2055,30,63.06,24901,21166,52.308069,0.270645,0.0,0.0,0.0,0.0,0.0,0,0.0,0.0,0.0,0.0,0,0,0.0,0.0,0.0,63.06
Wolf Island,104000000029021,https://mer.markit.com/br-reg/public/project.jsp?project_id=104000000029021,Northern Ireland,Under Development,Unissued,RSPB,Organic Farmers & Growers C.I.C.,2025,2125,100,69.15,18379,15622,54.909318,-6.559064,2.61,0.0,26.17,40.37,0.0,0,0.0,0.0,0.0,0.0,0,0,0.0,0.0,0.0,0.0
Wyvis One Estate (Loch Misirich),104000000028633,https://mer.markit.com/br-reg/public/project.jsp?project_id=104000000028633,Scotland,Under Development,Unissued,Angus Davidson Ltd,Organic Farmers & Growers C.I.C.,2025,2125,100,198.587,66109,56193,57.677374,-4.486837,18.202,1.299,0.0,179.086,0.0,0,0.0,0.0,0.0,0.0,0,0,0.0,0.0,0.0,0.0
Yockenthwaite and Chapel Moor,104000000029049,https://mer.markit.com/br-reg/public/project.jsp?project_id=104000000029049,England,Under Development,Unissued,Yorkshire Wildlife Trust,Organic Farmers & Growers C.I.C.,2025,2090,65,110.27,19710,16753,54.223737,-2.14107,2.14,5.74,0.0,102.39,0.0,0,0.0,0.0,0.0,0.0,0,0,0.0,0.0,0.0,0.0
"An Suidhe, Eredine",104000000028983,https://mer.markit.com/br-reg/public/master-project.jsp?project_id=103000000017283,Scotland,Under Development,Unissued,Forestry and Land Scotland,Organic Farmers & Growers C.I.C.,2025,2125,100,50.0,11490,9681,56.222508,-5.222642,1.5,0.0,0.0,48.5,0.0,0,0.0,0.0,0.0,0.0,0,0,0.0,0.0,0.0,0.0
"Creagan na Corr, South Rannoch",104000000029008,https://mer.markit.com/br-reg/public/master-project.jsp?project_id=103000000017283,Scotland,Under Development,Unissued,Forestry and Land Scotland,Organic Farmers & Growers C.I.C.,2025,2125,100,30.0,10134,8538,56.657017,-4.27237,2.0,0.0,0.0,28.0,0.0,0,0.0,0.0,0.0,0.0,0,0,0.0,0.0,0.0,0.0
Glengarry Fhudair,104000000028997,https://mer.markit.com/br-reg/public/master-project.jsp?project_id=103000000017283,Scotland,Under Development,Unissued,Forestry and Land Scotland,Organic Farmers & Growers C.I.C.,2025,2125,100,194.0,51316,43233,57.016278,-4.968089,8.0,4.0,0.0,182.0,0.0,0,0.0,0.0,0.0,0.0,0,0,0.0,0.0,0.0,0.0
"Glen Oykel, Benmore",104000000028989,https://mer.markit.com/br-reg/public/master-project.jsp?project_id=103000000017283,Scotland,Under Development,Unissued,Forestry and Land Scotland,Organic Farmers & Growers C.I.C.,2025,2125,100,128.0,33966,28616,58.015461,-4.860772,2.5,0.5,75.0,50.0,0.0,0,0.0,0.0,0.0,0.0,0,0,0.0,0.0,0.0,0.0
Gothie and Goyle Hill,104000000028984,https://mer.markit.com/br-reg/public/master-project.jsp?project_id=103000000017283,Scotland,Under Development,Unissued,Forestry and Land Scotland,Organic Farmers & Growers C.I.C.,2025,2125,100,45.0,11049,9309,56.930891,-2.524118,2.0,0.0,0.0,43.0,0.0,0,0.0,0.0,0.0,0.0,0,0,0.0,0.0,0.0,0.0
Saughen Braes,104000000029434,https://mer.markit.com/br-reg/public/master-project.jsp?project_id=103000000017283,Scotland,Under Development,Unissued,Forestry and Land Scotland,Organic Farmers & Growers C.I.C.,2025,2100,75,112.0,22680,19278,55.979361,-4.461682,0.0,0.0,112.0,0.0,0.0,0,0.0,0.0,0.0,0.0,0,0,0.0,0.0,0.0,0.0
South Laggan,104000000029436,https://mer.markit.com/br-reg/public/master-project.jsp?project_id=103000000017283,Scotland,Under Development,Unissued,Forestry and Land Scotland,N/A,2025,2090,65,183.42,29251,24863,57.027947,-4.772887,3.56,4.56,0.0,175.3,0.0,0,0.0,0.0,0.0,0.0,0,0,0.0,0.0,0.0,0.0
